movie_id,original_title,genres,synopsis,cover_url,orig_genre
3606752,Cars 3,"['Animation', 'Adventure', 'Comedy', 'Family', 'Sport']",Lightning McQueen sets out to prove to a new generation of racers that he's still the best race car in the world.,https://m.media-amazon.com/images/M/MV5BMTc0NzU2OTYyN15BMl5BanBnXkFtZTgwMTkwOTg2MTI@.jpg,Sport
9242528,The Survivor,"['Biography', 'Drama', 'Sport']","After World War II, Harry Haft is a boxer who fought against his peers in concentration camps. Haunted by memories, he tries to use fighting legends as a way to find his love.",https://m.media-amazon.com/images/M/MV5BYWRlYjg0ZTUtYmZhOS00YWMxLWJhYWEtOTA3Y2MyMzg4ODg4XkEyXkFqcGdeQXVyMTAxOTI5MTY@.jpg,Sport
1216475,Cars 2,"['Animation', 'Adventure', 'Comedy', 'Family', 'Sport']",Star race car Lightning McQueen and his pal Mater head overseas to compete in the World Grand Prix race. But the road to the championship becomes rocky as Mater gets caught up in an intriguing adventure of his own: international espionage.,https://m.media-amazon.com/images/M/MV5BMTUzNTc3MTU3M15BMl5BanBnXkFtZTcwMzIxNTc3NA@@.jpg,Sport
1798684,Southpaw,"['Action', 'Crime', 'Drama', 'Sport']","After a fatal incident sends him on a rampant path of destruction, a champion boxer fights to get custody of his daughter and revive his professional career.",https://m.media-amazon.com/images/M/MV5BMjI1MTcwODk0MV5BMl5BanBnXkFtZTgwMTgwMDM5NTE@.jpg,Sport
11729298,American Underdog,"['Biography', 'Drama', 'Sport']","The story of NFL MVP and Hall of Fame quarterback Kurt Warner, who went from stocking shelves at a supermarket to becoming an American Football star.",https://m.media-amazon.com/images/M/MV5BNWE4ODBjNDItYTE1MC00ODg1LTg5MzUtZDRkY2ZiZjQyYTgzXkEyXkFqcGdeQXVyMjMxOTE0ODA@.jpg,Sport
112461,The Basketball Diaries,"['Biography', 'Crime', 'Drama', 'Sport']",A teenager finds his dreams of becoming a basketball star threatened after he free falls into the harrowing world of drug addiction.,https://m.media-amazon.com/images/M/MV5BMjdlNzQxZGUtZTg5YS00ODg2LTkxMzctMDAyNmEwM2YyZjA4XkEyXkFqcGdeQXVyMTQxNzMzNDI@.jpg,Sport
109520,D2: The Mighty Ducks,"['Comedy', 'Drama', 'Family', 'Sport']",Can Gordon's team win the Junior Goodwill Games in California in spite of all the set-backs?,https://m.media-amazon.com/images/M/MV5BMjA1YjVjZWQtZTNkYS00NTA2LThhODUtZTI1MzIwMWRjNWMzXkEyXkFqcGdeQXVyNDk3NzU2MTQ@.jpg,Sport
59243,The Great Race,"['Action', 'Adventure', 'Comedy', 'Family', 'Romance', 'Sport', 'Western']","In the early 20th century, two rivals, the heroic Leslie and the despicable Professor Fate, engage in an epic automobile race from New York to Paris.",https://m.media-amazon.com/images/M/MV5BMjg5MDU1ZjUtZjQ2ZS00MTg2LTljMzEtMjVjNDgzNjI5MmQ5XkEyXkFqcGdeQXVyMDI2NDg0NQ@@.jpg,Sport
117705,Space Jam,"['Animation', 'Adventure', 'Comedy', 'Family', 'Fantasy', 'Sci-Fi', 'Sport']","In a desperate attempt to win a basketball match and earn their freedom, the Looney Tunes seek the aid of retired basketball champion, Michael Jordan.",https://m.media-amazon.com/images/M/MV5BYjA3ZmMwNTUtNGM2Ni00YjUyLWE5ZDYtY2Y4YzhmYzlhYWI2XkEyXkFqcGdeQXVyMjUzOTY1NTc@.jpg,Sport
433035,Real Steel,"['Action', 'Drama', 'Sci-Fi', 'Sport']","In the near future, robot boxing is a top sport. A struggling ex-boxer feels he's found a champion in a discarded robot.",https://m.media-amazon.com/images/M/MV5BMjEzMzEzNjg0N15BMl5BanBnXkFtZTcwMzg4NDk0Ng@@.jpg,Sport
116778,Kingpin,"['Comedy', 'Sport']","A star bowler whose career was prematurely ""cut off"" hopes to ride a new prodigy to success and riches.",https://m.media-amazon.com/images/M/MV5BODAzODIyMDYwMV5BMl5BanBnXkFtZTcwMTUyNTEzNA@@.jpg,Sport
3076658,Creed,"['Action', 'Drama', 'Sport']","The former World Heavyweight Champion Rocky Balboa serves as a trainer and mentor to Adonis Johnson, the son of his late friend and former rival Apollo Creed.",https://m.media-amazon.com/images/M/MV5BNmZkYjQzY2QtNjdkNC00YjkzLTk5NjUtY2MyNDNiYTBhN2M2XkEyXkFqcGdeQXVyMjMwNDgzNjc@.jpg,Sport
1125849,The Wrestler,"['Drama', 'Sport']","A faded professional wrestler must retire, but finds his quest for a new life outside the ring a dispiriting struggle.",https://m.media-amazon.com/images/M/MV5BMTc5MjYyOTg4MF5BMl5BanBnXkFtZTcwNDc2MzQwMg@@.jpg,Sport
71771,The Longest Yard,"['Comedy', 'Crime', 'Drama', 'Sport']","A sadistic warden asks a former pro quarterback, now serving time in his prison, to put together a team of inmates to take on (and get pummeled by) the guards.",https://m.media-amazon.com/images/M/MV5BMWU1ODc3YzAtYzBlNS00YmJkLWJjYmMtNGViMDI5Y2YxYWRiXkEyXkFqcGdeQXVyMjUzOTY1NTc@.jpg,Sport
82136,The Cannonball Run,"['Action', 'Comedy', 'Sport']","A wide variety of eccentric competitors participate in a wild and illegal cross-country road race. However, the eccentric entrants will do anything to win the road race, including low-down, dirty tricks.",https://m.media-amazon.com/images/M/MV5BNDJmZDRkMDAtM2JiNS00ZjdlLThiOTYtMWVhODJmYmY1MGEwXkEyXkFqcGdeQXVyNDk3NzU2MTQ@.jpg,Sport
99371,Days of Thunder,"['Action', 'Drama', 'Sport']",A young hot-shot stock car driver gets his chance to compete at the top level.,https://m.media-amazon.com/images/M/MV5BMmU0MjU5ODEtODRkOC00MzdlLTk5YmEtMmY0MWM4MzM2MDMxXkEyXkFqcGdeQXVyMjUzOTY1NTc@.jpg,Sport
106233,Airborne,"['Adventure', 'Comedy', 'Sport']","Mitchell Goosen is a California teenager who loves to surf and rollerblade. When his zoologist parents are given a grant to work in Australia, they can't take Mitchell so they send him to Cincinnati, Ohio to stay with his aunt, uncle, and cousin Wiley--who will be his roommate for the next six months. At his new school Mitchell gets on the bad side of the high-school hockey players, so he and Wiley endure weeks of torture from them. Until they all must learn to get along and team up to beat the Central High School rivals in a competition down the Devil's Backbone.::Meagan Olds<morning_star_s_darkmist@yahoo.com>",https://m.media-amazon.com/images/M/MV5BZmM4YzU2OWUtM2VkYy00Y2I5LTk3NzgtNmI3M2MyODM5YzY1XkEyXkFqcGdeQXVyMjA0MDQ0Mjc@.jpg,Sport
457510,Nacho Libre,"['Comedy', 'Family', 'Sport']","Berated all his life by those around him, a monk follows his dream and dons a mask to moonlight as a Luchador (Mexican wrestler).",https://m.media-amazon.com/images/M/MV5BN2ZkNDgxMjMtZmRiYS00MzFkLTk5ZjgtZDJkZWMzYmUxYjg4XkEyXkFqcGdeQXVyNTIzOTk5ODM@.jpg,Sport
97351,Field of Dreams,"['Drama', 'Family', 'Fantasy', 'Sport']","Iowa farmer Ray Kinsella is inspired by a voice he can't ignore to pursue a dream he can hardly believe. Supported by his wife, Ray begins the quest by turning his ordinary cornfield into a place where dreams can come true.",https://m.media-amazon.com/images/M/MV5BNzk5OWY0YjAtYWU3ZS00Y2Q4LWFlNjItMzgwMTQ2MjIyMDFmL2ltYWdlL2ltYWdlXkEyXkFqcGdeQXVyMTQxNzMzNDI@.jpg,Sport
2083383,Trouble with the Curve,"['Drama', 'Sport']","A daughter tries to remedy her dysfunctional relationship with her ailing father, a decorated baseball scout, by helping him in a recruiting trip which could be his last.",https://m.media-amazon.com/images/M/MV5BMTUwNjMyMzQ3M15BMl5BanBnXkFtZTcwMjcwNDMyOA@@.jpg,Sport
787475,Hot Rod,"['Comedy', 'Sport']",Self-proclaimed stuntman Rod Kimble is preparing for the jump of his life - to clear fifteen buses to raise money for his abusive stepfather Frank's life-saving heart operation.,https://m.media-amazon.com/images/M/MV5BNjYwNjA3OTY0Nl5BMl5BanBnXkFtZTcwNDMyNDUzMw@@.jpg,Sport
393162,Coach Carter,"['Biography', 'Drama', 'Sport']",Controversy surrounds high school basketball coach Ken Carter after he benches his entire team for breaking their academic contract with him.,https://m.media-amazon.com/images/M/MV5BNWYxZWFiNTItN2FkNS00ZDJmLWE1MWItYjMyMTgyOTI4MmQ4XkEyXkFqcGdeQXVyMTQxNzMzNDI@.jpg,Sport
355702,Lords of Dogtown,"['Biography', 'Drama', 'Sport']","The film follows the surf and skateboarding trends that originated in Venice, California during the 1970's.",https://m.media-amazon.com/images/M/MV5BNDBhNGJlOTAtM2ExNi00NmEzLWFmZTQtYTZhYTRlNjJjODhmXkEyXkFqcGdeQXVyNDk3NzU2MTQ@.jpg,Sport
110657,The Next Karate Kid,"['Action', 'Drama', 'Family', 'Romance', 'Sport']",Mr. Miyagi is back and he takes a new pupil under his wing: a troubled adolescent girl.,https://m.media-amazon.com/images/M/MV5BYzQwOTVkZmQtMDMwNS00ZTQzLTlkODUtOWI0NDZkMjYxNWUwXkEyXkFqcGdeQXVyMTQxNzMzNDI@.jpg,Sport
12572040,The Phantom of the Open,"['Comedy', 'Drama', 'Sport']","Maurice Flitcroft, a dreamer and unrelenting optimist, manages to gain entry to the 1976 British Open Golf Championship qualification round despite being a complete novice.",https://m.media-amazon.com/images/M/MV5BMzc2NzViOTItZTFiNi00YjE2LTkyNmUtOGMxYTk3MGFiY2EwXkEyXkFqcGdeQXVyMTQyODg5MjQw.jpg,Sport
108002,Rudy,"['Biography', 'Drama', 'Sport']",Rudy has always been told that he was too small to play college football. But he is determined to overcome the odds and fulfill his dream of playing for Notre Dame.,https://m.media-amazon.com/images/M/MV5BZGUzMDU1YmQtMzBkOS00MTNmLTg5ZDQtZjY5Njk4Njk2MmRlXkEyXkFqcGdeQXVyNjc1NTYyMjg@.jpg,Sport
3554046,Space Jam: A New Legacy,"['Animation', 'Adventure', 'Comedy', 'Family', 'Fantasy', 'Sci-Fi', 'Sport']","A rogue artificial intelligence kidnaps the son of famed basketball player LeBron James, who then has to work with Bugs Bunny to win a basketball game.",https://m.media-amazon.com/images/M/MV5BNWMyMDc3ODYtODMwZS00MGVjLWJhY2QtYWI1NDM0Y2RjOTMzXkEyXkFqcGdeQXVyODE5NzE3OTE@.jpg,Sport
811080,Speed Racer,"['Action', 'Adventure', 'Comedy', 'Drama', 'Family', 'Sci-Fi', 'Sport']",Young driver Speed Racer aspires to be champion of the racing world with the help of his family and his high-tech Mach 5 automobile.,https://m.media-amazon.com/images/M/MV5BMWU4Y2RhYzMtYzIxZC00NmRlLTk0OTctNDg1NTg5Yjk4YjQzXkEyXkFqcGdeQXVyMTQxNzMzNDI@.jpg,Sport
95082,Eight Men Out,"['Drama', 'History', 'Sport']",A dramatization of the Black Sox scandal when the underpaid Chicago White Sox accepted bribes to deliberately lose the 1919 World Series.,https://m.media-amazon.com/images/M/MV5BMTUxMTIzNTY4N15BMl5BanBnXkFtZTcwMDQ4NjYzNA@@.jpg,Sport
89927,Rocky IV,"['Drama', 'Sport']","Rocky Balboa proudly holds the world heavyweight boxing championship, but a new challenger has stepped forward: Drago, a six-foot-four, 261-pound fighter who has the backing of the Soviet Union.",https://m.media-amazon.com/images/M/MV5BMTg3ODk5ODE0NV5BMl5BanBnXkFtZTcwNDkzODM1NA@@.jpg,Sport
92675,Bloodsport,"['Action', 'Biography', 'Drama', 'Sport']","""Bloodsport"" follows Frank Dux, an American martial artist serving in the military, who decides to leave the army to compete in a martial arts tournament in Hong Kong where fights to the death can occur.",https://m.media-amazon.com/images/M/MV5BNTJmMGEzMTQtMzQzMi00YjE1LWI4MTctNjY0NWZiYzE2MDVhXkEyXkFqcGdeQXVyMTQxNzMzNDI@.jpg,Sport
390022,Friday Night Lights,"['Action', 'Drama', 'Sport']","Based on H.G. Bissinger's book, which profiled the economically depressed town of Odessa, Texas and their heroic high school football team, The Permian High Panthers.",https://m.media-amazon.com/images/M/MV5BMTcxMDI5MTM4Ml5BMl5BanBnXkFtZTcwNjA4MDcyMQ@@.jpg,Sport
1478839,The Art of Racing in the Rain,"['Comedy', 'Drama', 'Romance', 'Sport']","Through his bond with his owner, aspiring Formula One race car driver Denny, golden retriever Enzo learns that the techniques needed on the racetrack can also be used to successfully navigate the journey of life.",https://m.media-amazon.com/images/M/MV5BZjU5ZTYzM2MtNDNhYi00YjU1LWE4MzEtODc0NmNlODZlMjlhXkEyXkFqcGdeQXVyNjg3MDMxNzU@.jpg,Sport
109127,Angels in the Outfield,"['Comedy', 'Family', 'Fantasy', 'Sport']","When a boy prays for a chance to have a family if the California Angels win the pennant, angels are assigned to make that possible.",https://m.media-amazon.com/images/M/MV5BZDE1MWU1ZDQtOTg3YS00MTEwLTkxNjItMDQzY2UxMThjYmZkXkEyXkFqcGdeQXVyMTQxNzMzNDI@.jpg,Sport
352248,Cinderella Man,"['Biography', 'Drama', 'Romance', 'Sport']","The story of James J. Braddock, a supposedly washed-up boxer who came back to challenge for the heavyweight championship of the world.",https://m.media-amazon.com/images/M/MV5BODEyYmQxZjUtZGQ0NS00ZTAwLTkwOGQtNGY2NzEwMWE0MDc3XkEyXkFqcGdeQXVyMTQxNzMzNDI@.jpg,Sport
90863,The Color of Money,"['Drama', 'Sport']","Fast Eddie Felson teaches a cocky but immensely talented protégé the ropes of pool hustling, which in turn inspires him to make an unlikely comeback.",https://m.media-amazon.com/images/M/MV5BNGY4NGEzY2QtZmIwYS00NzkwLWI0MmItZmVjYjU0YzM3ZjBmXkEyXkFqcGdeQXVyNTE1NjY5Mg@@.jpg,Sport
76723,Slap Shot,"['Comedy', 'Drama', 'Sport']",A failing ice hockey team finds success with outrageously violent hockey goonery.,https://m.media-amazon.com/images/M/MV5BMTk0MzcwNzc3NV5BMl5BanBnXkFtZTgwMTYzODg4MDE@.jpg,Sport
32410,Down Argentine Way,"['Comedy', 'Drama', 'Musical', 'Romance', 'Sport']",An American girl on vacation in Argentina falls for a wealthy racehorse owner.,https://m.media-amazon.com/images/M/MV5BZGM2M2JhNWYtNDE2Zi00NjkyLTg4Y2EtZjdlZGRiNWNmNGQ2XkEyXkFqcGdeQXVyNjE5MjUyOTM@.jpg,Sport
6343314,Creed II,"['Drama', 'Sport']","Under the tutelage of Rocky Balboa, newly crowned heavyweight champion Adonis Creed faces off against Viktor Drago, the son of Ivan Drago.",https://m.media-amazon.com/images/M/MV5BYmEyNWZhM2YtZDAyNi00ZjYzLWI2ZWMtOWM4ZmI1MDE0OWNmXkEyXkFqcGdeQXVyMjMwNDgzNjc@.jpg,Sport
106611,Cool Runnings,"['Adventure', 'Comedy', 'Family', 'History', 'Sport']","When a Jamaican sprinter is disqualified from the Olympic Games, he enlists the help of a dishonored coach to start the first Jamaican Bobsled Team.",https://m.media-amazon.com/images/M/MV5BOGFkZmQyM2EtMzQ4My00NjUzLWE0MGYtYTczNzRhNDQxODUwXkEyXkFqcGdeQXVyMTMxODk2OTU@.jpg,Sport
90685,Back to School,"['Comedy', 'Romance', 'Sport']","To help his discouraged son get through college, a funloving and obnoxious rich businessman decides to enter the school as a student himself.",https://m.media-amazon.com/images/M/MV5BYzczNDE0ZTQtMTg2Ny00Zjg3LTkyODktNzM3OTc1ODdlYzBmXkEyXkFqcGdeQXVyMjUzOTY1NTc@.jpg,Sport
1083456,Fired Up!,"['Comedy', 'Sport']",The two most popular guys in high school decide to ditch football camp for cheerleader camp. For the girls and for the glory.,https://m.media-amazon.com/images/M/MV5BMjE3MDMxMTQ0M15BMl5BanBnXkFtZTcwNTA0MDAyMg@@.jpg,Sport
139699,Varsity Blues,"['Comedy', 'Drama', 'Romance', 'Sport']",A back-up quarterback is chosen to lead a Texas football team to victory after the star quarterback is injured.,https://m.media-amazon.com/images/M/MV5BZGVlYjRmYTUtNTRiYS00ODNmLThlNDQtNzc3OWJmYTlkMzM0L2ltYWdlXkEyXkFqcGdeQXVyMTQxNzMzNDI@.jpg,Sport
110364,Little Giants,"['Comedy', 'Family', 'Sport']","Misfits form their own opposing team to an elite peewee football team, coached by the elite team coach's brother.",https://m.media-amazon.com/images/M/MV5BNTBlNGFmNTktZGJlZi00ZWNkLWI0MGItNjhhNjQyNWM1MmVlXkEyXkFqcGdeQXVyMTQxNzMzNDI@.jpg,Sport
267891,The Ringer,"['Comedy', 'Sport']",A young guy's only option to erase a really bad debt is to rig the Special Olympics by posing as a contestant.,https://m.media-amazon.com/images/M/MV5BMTUzNDQzMTk5OF5BMl5BanBnXkFtZTcwNDY0MjEzMQ@@.jpg,Sport
453562,42,"['Biography', 'Drama', 'Sport']","In 1947, Jackie Robinson becomes the first African-American to play in Major League Baseball in the modern era when he was signed by the Brooklyn Dodgers and faces considerable racism in the process.",https://m.media-amazon.com/images/M/MV5BMTQwMDU4MDI3MV5BMl5BanBnXkFtZTcwMjU1NDgyOQ@@.jpg,Sport
1083452,Eddie the Eagle,"['Adventure', 'Biography', 'Comedy', 'Drama', 'History', 'Sport']","The story of Eddie Edwards, the notoriously tenacious British underdog ski jumper who charmed the world at the 1988 Winter Olympics.",https://m.media-amazon.com/images/M/MV5BMTUxOTc5MTU1NF5BMl5BanBnXkFtZTgwODYyNTA1NzE@.jpg,Sport
286499,Bend It Like Beckham,"['Comedy', 'Drama', 'Romance', 'Sport']","Two ambitious girls, despite their parents' wishes, have their hearts set on careers in professional soccer.",https://m.media-amazon.com/images/M/MV5BMTg1Njk5NjczM15BMl5BanBnXkFtZTYwNjc2NTQ3.jpg,Sport
492956,The Game Plan,"['Comedy', 'Family', 'Sport']",An NFL quarterback living the bachelor lifestyle discovers that he has an 8-year-old daughter from a previous relationship.,https://m.media-amazon.com/images/M/MV5BMTQ0NjQzMzI1MF5BMl5BanBnXkFtZTYwNDI0ODA3.jpg,Sport
1100089,Foxcatcher,"['Biography', 'Drama', 'History', 'Sport']","U.S. Olympic wrestling champions and brothers Mark Schultz and Dave Schultz join ""Team Foxcatcher"", led by eccentric multi-millionaire John du Pont, as they train for the 1988 Olympic Games in Seoul, South Korea, but John's self-destructive behavior threatens to consume them all.",https://m.media-amazon.com/images/M/MV5BMTQ2MjQxNjYxOV5BMl5BanBnXkFtZTgwMzIwODUxMzE@.jpg,Sport
273982,Poolhall Junkies,"['Comedy', 'Drama', 'Sport', 'Thriller']","A talented pool hustler who has stayed out of the game for years, must go back to his old ways when his little brother gets involved with his enemy, the very man who held him back from greatness.",https://m.media-amazon.com/images/M/MV5BMTY5NjE3MjkzM15BMl5BanBnXkFtZTYwMDU1NDk5.jpg,Sport
8482584,12 Mighty Orphans,"['History', 'Sport']","Haunted by his mysterious past, a devoted high-school football coach leads a scrawny team of orphans to the state championship during the Great Depression and inspires a broken nation along the way.",https://m.media-amazon.com/images/M/MV5BZWMxNzA1NWEtYjgwMC00ZjkwLTljYjYtN2E3ZWIzODJlN2Y4XkEyXkFqcGdeQXVyOTgxNDIzMTY@.jpg,Sport
2097298,"McFarland, USA","['Biography', 'Drama', 'Sport']","Jim White moves his family after losing his last job as a football coach, and at his new school he turns seven disappointing students into one of the best cross-country teams in the region.",https://m.media-amazon.com/images/M/MV5BMjMwNjY2Mjk5OV5BMl5BanBnXkFtZTgwODM2NTA0MzE@.jpg,Sport
95250,Le grand bleu,"['Adventure', 'Drama', 'Sport']","The rivalry between Enzo and Jacques, two childhood friends and now world-renowned free divers, becomes a beautiful and perilous journey into oneself and the unknown.",https://m.media-amazon.com/images/M/MV5BOTg5NGE1MjYtZjU3Zi00NWZhLTg4ZmEtMDI0YzMwN2Y2NDIxXkEyXkFqcGdeQXVyNTAyODkwOQ@@.jpg,Sport
83284,Victory,"['Drama', 'Sport', 'War']","As allied P.O.W.s prepare for a soccer game against the German National Team to be played in Nazi-occupied Paris, the French Resistance and British officers are making plans for the team's escape.",https://m.media-amazon.com/images/M/MV5BMDVhZjBiNDgtZTY1YS00Y2I3LTgwYTUtMDExYzNjMDNkMDQ3XkEyXkFqcGdeQXVyNDk3NzU2MTQ@.jpg,Sport
1596345,Pawn Sacrifice,"['Biography', 'Drama', 'History', 'Sport', 'Thriller']","Set during the Cold War, American chess prodigy Bobby Fischer finds himself caught between two superpowers and his own struggles as he challenges the Soviet Empire.",https://m.media-amazon.com/images/M/MV5BMTk0MDYxNTE0OV5BMl5BanBnXkFtZTgwODgyNjU3NTE@.jpg,Sport
15132916,Nothing Is Impossible,"['Drama', 'Romance', 'Sport']","When an NBA team suddenly announces open tryouts, a high school janitor gets a second chance at both love and life.",https://m.media-amazon.com/images/M/MV5BN2JiYmZlYTgtY2RjZC00YzU1LWFlZTItYzEwZTkzNjEwMjg3XkEyXkFqcGdeQXVyMDQwNzMzMQ@@.jpg,Sport
1691917,Planes,"['Animation', 'Adventure', 'Comedy', 'Family', 'Sport']",A cropdusting plane with a fear of heights lives his dream of competing in a famous around-the-world aerial race.,https://m.media-amazon.com/images/M/MV5BMjAwODc5NzYzOF5BMl5BanBnXkFtZTcwNTk4MjEzOQ@@.jpg,Sport
105402,Sidekicks,"['Action', 'Adventure', 'Comedy', 'Drama', 'Sport']",A bullied teen who fantasizes about being Chuck Norris' sidekick trains in martial arts to fulfill his dreams.,https://m.media-amazon.com/images/M/MV5BZGU5YzU3YmQtMTNmMi00MmQzLWEwNTMtZWM2ZjkxYzNiMjJhL2ltYWdlXkEyXkFqcGdeQXVyNzc5MjA3OA@@.jpg,Sport
131857,BASEketball,"['Comedy', 'Sport']","Two childhood friends are pro athletes of a national sport called BASEketball, a hybrid of baseball and basketball, and must deal with a greedy businessman scheming against their team.",https://m.media-amazon.com/images/M/MV5BMmZjZDg2ZjItYTVkNC00YWRmLThmZTMtNTYxNTI5MWM4NjU4XkEyXkFqcGdeQXVyMTQxNzMzNDI@.jpg,Sport
329575,Seabiscuit,"['Drama', 'History', 'Sport']",True story of the undersized Depression-era racehorse whose victories lifted not only the spirits of the team behind it but also those of their nation.,https://m.media-amazon.com/images/M/MV5BMWVmMmE1YzItNGUyZS00MzgwLWFhNzYtYjM4ZTJmZDVjNmNmL2ltYWdlL2ltYWdlXkEyXkFqcGdeQXVyMTQxNzMzNDI@.jpg,Sport
104346,Gladiator,"['Action', 'Drama', 'Sport']","Tommy Riley has moved with his dad to Chicago from a 'nice place'. He keeps to himself, goes to school. However, after a street fight he is noticed and quickly falls into the world of illegal underground boxing - where punches can kill.",https://m.media-amazon.com/images/M/MV5BM2U0NWE2ZDMtOGMzZS00MjRlLTgyNTItMTgwNTFjNjcyNDk2XkEyXkFqcGdeQXVyNzc5MjA3OA@@.jpg,Sport
758794,We Are Marshall,"['Drama', 'Sport']","When a plane crash claims the lives of members of the Marshall University football team and some of its fans, the team's new coach and his surviving players try to keep the football program alive.",https://m.media-amazon.com/images/M/MV5BMTQwNDczNTg5MF5BMl5BanBnXkFtZTcwNDMwMzEzMw@@.jpg,Sport
54997,The Hustler,"['Drama', 'Sport']",An up-and-coming pool player plays a long-time champion in a single high-stakes match.,https://m.media-amazon.com/images/M/MV5BNTAwNGNlYWEtNDJlOC00NTE5LWJjNmQtMjExZDU2NDUyZTFlXkEyXkFqcGdeQXVyMjUzOTY1NTc@.jpg,Sport
346631,Blood and Bone,"['Action', 'Crime', 'Drama', 'Sport']","In Los Angeles, an ex-con takes the underground fighting world by storm in his quest to fulfill a promise to a dead friend.",https://m.media-amazon.com/images/M/MV5BNjE0MDc4ODY4Ml5BMl5BanBnXkFtZTcwNDI2NjM4Mg@@.jpg,Sport
265662,The Rookie,"['Drama', 'Family', 'Sport']",A Texas baseball coach makes the major league after agreeing to try out if his high school team made the playoffs.,https://m.media-amazon.com/images/M/MV5BNDYyODhiNmQtYzI2Ni00NDRjLWIwYzYtN2M5MjM4YTYwNzM4L2ltYWdlL2ltYWdlXkEyXkFqcGdeQXVyMTQxNzMzNDI@.jpg,Sport
90270,Vision Quest,"['Drama', 'Romance', 'Sport']","A high school wrestler in Spokane, Washington has trouble focusing on his training regimen when a beautiful young drifter takes up temporary residence at his home.",https://m.media-amazon.com/images/M/MV5BNDQzODg0OTQ2MV5BMl5BanBnXkFtZTgwNjEyNjU1MDE@.jpg,Sport
100507,Rocky V,"['Drama', 'Sport']","Reluctantly retired from fighting, Rocky takes charge of Mickey's gym and agrees to train a young protégé who's hungry for success.",https://m.media-amazon.com/images/M/MV5BMTM2Mzc4MTYxM15BMl5BanBnXkFtZTcwODY5NTk1NA@@.jpg,Sport
8544498,The Way Back,"['Drama', 'Sport']","Jack Cunningham was a high school basketball phenom who walked away from the game, forfeiting his future. Years later, when he reluctantly accepts a coaching job at his alma mater, he may get one last shot at redemption.",https://m.media-amazon.com/images/M/MV5BYjBjMTgyYzktN2U0Mi00YTJhLThkZDQtZmM1ZDlmNWMwZDQ3XkEyXkFqcGdeQXVyMDU5MDEyMA@@.jpg,Sport
79817,Rocky II,"['Drama', 'Sport']","Rocky struggles in family life after his bout with Apollo Creed, while the embarrassed champ insistently goads him to accept a challenge for a rematch.",https://m.media-amazon.com/images/M/MV5BNjk2Y2FiYWEtNGViNy00ZDNkLThhZGItMDI5YjQ5NGYxYWJmXkEyXkFqcGdeQXVyMjUzOTY1NTc@.jpg,Sport
126916,For Love of the Game,"['Drama', 'Romance', 'Sport']","After 19 years of playing the game he's loved his whole life, Detroit Tigers pitcher Billy Chapel has to decide if he's going to risk everything and put everything out there.",https://m.media-amazon.com/images/M/MV5BZDgzY2NkMTgtODQwZC00MWEzLWFlZjQtZTcxOTc3NzU1MDVhXkEyXkFqcGdeQXVyMTQxNzMzNDI@.jpg,Sport
430634,Stick It,"['Comedy', 'Drama', 'Sport']","After a run-in with the law, Haley Graham (Missy Peregrym) is forced to return to the world from which she fled some years ago. Enrolled in an elite gymnastics program run by the legendary Burt Vickerman (Jeff Bridges), Haley's rebellious attitude gives way to something that just might be called team spirit.",https://m.media-amazon.com/images/M/MV5BMTI1MDAzMDgzMF5BMl5BanBnXkFtZTcwNzc1ODQzMQ@@.jpg,Sport
97659,Kickboxer,"['Action', 'Sport', 'Thriller']",Kurt Sloane must learn the ancient kick boxing art of Muay Thai in order to avenge his brother.,https://m.media-amazon.com/images/M/MV5BZGYzZDQ2ZWItNjE4ZS00ZTgzLTk3ZjctZjAwZDUyM2I4Nzg5L2ltYWdlL2ltYWdlXkEyXkFqcGdeQXVyMTYxNjkxOQ@@.jpg,Sport
174856,The Hurricane,"['Biography', 'Drama', 'Sport']","The story of 'Rubin 'Hurricane Carter, a boxer wrongly imprisoned for murder, and the people who aided in his fight to prove his innocence.",https://m.media-amazon.com/images/M/MV5BZjhjMWE5OTUtOWNlMi00ZjM0LWE0YTktMWZkNmIwZmZkYzBjXkEyXkFqcGdeQXVyMjUzOTY1NTc@.jpg,Sport
1456635,Goon,"['Comedy', 'Drama', 'Sport']","Labeled an outcast by his brainy family, a bouncer overcomes long odds to lead a team of under performing misfits to semi-pro hockey glory, beating the crap out of everything that stands in his way.",https://m.media-amazon.com/images/M/MV5BMTcxOTQwMTQ3MF5BMl5BanBnXkFtZTcwMDcyOTQwNw@@.jpg,Sport
1517489,Spy Kids 4: All the Time in the World,"['Action', 'Adventure', 'Comedy', 'Drama', 'Family', 'Fantasy', 'Music', 'Musical', 'Sci-Fi', 'Sport']","A retired spy is called back into action, and to bond with her new step-children, she invites them along for the adventure to stop the evil Timekeeper from taking over the world.",https://m.media-amazon.com/images/M/MV5BMjE1NTEwNzM5MV5BMl5BanBnXkFtZTcwNTA5Njc0NQ@@.jpg,Sport
1610525,The Bleeder,"['Biography', 'Drama', 'Sport']","A drama inspired by the life of heavyweight boxer Chuck Wepner, who had a once-in-a-lifetime bout with Muhammad Ali that would inspire the film Rocky (1976).",https://m.media-amazon.com/images/M/MV5BYzkxYmFlNjQtMGY2Ni00ZDZmLTk4NzktMTc2Mzg0OTY5MjUyXkEyXkFqcGdeQXVyNTIyODMzMzA@.jpg,Sport
286112,Siu Lam juk kau,"['Action', 'Comedy', 'Fantasy', 'Sport']",A young Shaolin follower reunites with his discouraged brothers to form a soccer team using their martial art skills to their advantage.,https://m.media-amazon.com/images/M/MV5BMjhlMWE5NzktNmE4Ny00ZWFlLTk5MzUtZDZhZmQ0YmVlNDI0XkEyXkFqcGdeQXVyNjc5NjEzNA@@.jpg,Sport
1172233,Whip It,"['Drama', 'Sport']","In Bodeen, Texas, an indie-rock-loving misfit finds a way of dealing with small-town misery after discovering a roller-derby league in nearby Austin.",https://m.media-amazon.com/images/M/MV5BNDM1NzkzMjQ4NF5BMl5BanBnXkFtZTcwMDE3Nzk3Mg@@.jpg,Sport
92272,Youngblood,"['Drama', 'Romance', 'Sport']","A 17 year old farm boy is offered an ice hockey tryout. His brother drives him to Canada. He has fast legs, slow fists, but is chosen. Will he learn to use his fists and play ice hockey the Canuck way? Will he get the coach's cute daughter?",https://m.media-amazon.com/images/M/MV5BMTkzNzM0NzY5OF5BMl5BanBnXkFtZTcwODgyMzk3NA@@.jpg,Sport
412080,The World's Fastest Indian,"['Biography', 'Drama', 'Sport']","The story of New Zealander Burt Munro, who spent years rebuilding a 1920 Indian motorcycle, which helped him set the land speed world record at Utah's Bonneville Salt Flats in 1967.",https://m.media-amazon.com/images/M/MV5BMjE1MjA0MDA3MV5BMl5BanBnXkFtZTcwOTU0MjMzMQ@@.jpg,Sport
8310474,Bruised,"['Drama', 'Sport']",A disgraced MMA fighter finds redemption in the cage and the courage to face her demons when the son she had given up as an infant unexpectedly reenters her life.,https://m.media-amazon.com/images/M/MV5BMWRjZGZiNjktNDU3Ni00ZWZkLWEwNDEtZDcwMTA3ZTdmMzEzXkEyXkFqcGdeQXVyMTkxNjUyNQ@@.jpg,Sport
104670,Ladybugs,"['Comedy', 'Sport']","To climb the corporate ladder to success, a guy agrees to coach the company's all-girls soccer team with the help of his secret weapon: his fiancee's son.",https://m.media-amazon.com/images/M/MV5BYjMwZWYyYWItYTY3ZS00NmJiLTg4ZGQtYjFkN2ZmMTc4MDYwXkEyXkFqcGdeQXVyMTQxNzMzNDI@.jpg,Sport
118849,Bacheha-Ye aseman,"['Drama', 'Family', 'Sport']","After a boy loses his sister's pair of shoes, he goes on a series of adventures in order to find them. When he can't, he tries a new way to ""win"" a new pair.",https://m.media-amazon.com/images/M/MV5BZTYwZWQ4ZTQtZWU0MS00N2YwLWEzMDItZWFkZWY0MWVjODVhXkEyXkFqcGdeQXVyNjU0OTQ0OTY@.jpg,Sport
1620935,Bleed for This,"['Biography', 'Drama', 'Sport']","The inspirational story of World Champion Boxer Vinny Pazienza who, after a near fatal car crash which left him not knowing if he'd ever walk again, made one of sports' most incredible comebacks.",https://m.media-amazon.com/images/M/MV5BMjAwNzgyNTUxMF5BMl5BanBnXkFtZTgwNzc0ODc1OTE@.jpg,Sport
124718,He Got Game,"['Drama', 'Sport']",A basketball player's father must try to convince him to go to a college so he can get a shorter sentence.,https://m.media-amazon.com/images/M/MV5BMDEzZjM2ZmItODczNC00OGE3LWE3YTEtMTA3OWZiNTkwYmI1XkEyXkFqcGdeQXVyMTQxNzMzNDI@.jpg,Sport
117918,Tin Cup,"['Comedy', 'Drama', 'Romance', 'Sport']",A washed up golf pro working at a driving range tries to qualify for the US Open in order to win the heart of his successful rival's girlfriend.,https://m.media-amazon.com/images/M/MV5BNDQxNzY1MzItZmU1Mi00MWI3LTk4ZjYtOTBlM2RmYTk1MTJjXkEyXkFqcGdeQXVyNDk3NzU2MTQ@.jpg,Sport
17158126,Strong Enough,"['Drama', 'Sport']","A cross-training athlete on the path to become a pro tests her limits one afternoon by pursuing several world-records just as conflict from her dissolving marriage collides, threatening to derail her.",https://m.media-amazon.com/images/M/MV5BMWIxYWVjNTAtZWIwMy00OTllLTk1MTItZWE3ZDY1N2NmYzRjXkEyXkFqcGdeQXVyMTQ1ODgxMDg@.jpg,Sport
7518786,83,"['Biography', 'Drama', 'History', 'Sport']","On June 25, 1983, the Lord's Cricket Ground witnessed 14 men beat the two times World Champions West Indies, putting India back onto the cricket world stage.",https://m.media-amazon.com/images/M/MV5BNTc0MWIzMjYtMDg4Mi00YmM3LWIxNGUtYjQ5NzBlZTM3YWI2XkEyXkFqcGdeQXVyODE5NzE3OTE@.jpg,Sport
1483797,Redline,"['Animation', 'Action', 'Sci-Fi', 'Sport']","A story about the most popular racing event in the galaxy, the Redline, and the various racers who compete in it.",https://m.media-amazon.com/images/M/MV5BMDQ4MzU1NjUtOGE5Mi00MTIyLTk2NjItMGIyM2RiZDNmMDU0L2ltYWdlL2ltYWdlXkEyXkFqcGdeQXVyNTAyODkwOQ@@.jpg,Sport
421206,Gridiron Gang,"['Biography', 'Crime', 'Drama', 'Sport']","Teenagers at a juvenile detention center, under the leadership of their counselor, gain self-esteem by playing football together.",https://m.media-amazon.com/images/M/MV5BNzk4NTAwNTAzN15BMl5BanBnXkFtZTcwNjczODYzMQ@@.jpg,Sport
67334,Le Mans,"['Action', 'Adventure', 'Drama', 'Sport']","Two car racing champions, an American and a German, face off on the world's hardest endurance course: Le Mans in France.",https://m.media-amazon.com/images/M/MV5BNDYyOGY2ZGYtZjI3Ny00YzgyLTk2YzYtNGQ0NGVkMmUwNDQxXkEyXkFqcGdeQXVyMjI4MjA5MzA@.jpg,Sport
13919802,Anek,"['Action', 'Drama', 'Sport', 'Thriller']","A socio political, action thriller set against the geopolitical backdrop of Northeast India.",https://m.media-amazon.com/images/M/MV5BYzNiNDM4NjYtZDMyMS00YTgyLWIzMWYtNmFhMjBiNWJiN2RjXkEyXkFqcGdeQXVyODE5NzE3OTE@.jpg,Sport
1781827,Hands of Stone,"['Biography', 'Drama', 'Sport']",The legendary Roberto Duran and his equally legendary trainer Ray Arcel change each other's lives.,https://m.media-amazon.com/images/M/MV5BMjQxNzE4ODU1Nl5BMl5BanBnXkFtZTgwMDA4Njk0ODE@.jpg,Sport
15041866,The Swimmer,"['Drama', 'Sport']","Sees the discriminative tendencies in sports against LGBTQ people, and how a sportsman learns to accept and love himself despite that.",https://m.media-amazon.com/images/M/MV5BN2UzYmU3MzgtNGMyMy00YTU3LWJiMGQtOTMyODBmYWE4Y2FmXkEyXkFqcGdeQXVyMTM1MTE1NDMx.jpg,Sport
417217,Two for the Money,"['Crime', 'Drama', 'Sport']","After suffering a career-ending knee injury, a former college football star aligns himself with one of the most renowned touts in the sports-gambling business.",https://m.media-amazon.com/images/M/MV5BODAzOTAzNzkyNl5BMl5BanBnXkFtZTYwMTAzNjM3.jpg,Sport
98663,The Wizard,"['Adventure', 'Comedy', 'Drama', 'Family', 'Romance', 'Sport']",A boy and his brother run away from home and hitch cross country with the help of a girl they meet to compete in the ultimate video game championship.,https://m.media-amazon.com/images/M/MV5BMWE5MjU0YTEtNjA3My00ZDAxLTgzYWEtNzBjNTA0Y2NjMDYyXkEyXkFqcGdeQXVyMTQxNzMzNDI@.jpg,Sport
4169250,M.S. Dhoni: The Untold Story,"['Biography', 'Drama', 'Sport']",The untold story of Mahendra Singh Dhoni's journey from ticket collector to trophy collector - the world-cup-winning captain of the Indian Cricket Team.,https://m.media-amazon.com/images/M/MV5BZjAzZjZiMmQtMDZmOC00NjVmLTkyNTItOGI2Mzg4NTBhZTA1XkEyXkFqcGdeQXVyODE5NzE3OTE@.jpg,Sport
109305,Blue Chips,"['Drama', 'Sport']",A college basketball coach is forced to break the rules in order to get the players he needs to stay competitive.,https://m.media-amazon.com/images/M/MV5BYTkxMDI4NjEtODU0MC00NDlkLWFmYzYtYTEzNmUzYjIzY2RiXkEyXkFqcGdeQXVyMjUzOTY1NTc@.jpg,Sport
95409,Johnny Be Good,"['Comedy', 'Sport']","Johnny's the top high-school football player and many colleges want him. His girlfriend, coach and best friend want him in the college, serving themselves most.",https://m.media-amazon.com/images/M/MV5BNjkyMGJhODMtMTU3Ni00OGFlLTkwOGYtNzQ1YjhmMDYwMjgyXkEyXkFqcGdeQXVyMjY3MjUzNDk@.jpg,Sport
1647668,Million Dollar Arm,"['Biography', 'Drama', 'Sport']",A sports agent stages an unconventional recruitment strategy to get talented Indian cricket players to play Major League Baseball.,https://m.media-amazon.com/images/M/MV5BMjM1OTUwOTA0M15BMl5BanBnXkFtZTgwMTA0Nzk4MjE@.jpg,Sport
1553659,Breath,"['Adventure', 'Drama', 'Romance', 'Sport']","After developing an interest in surfing, a teenage boy and his friend forge an unlikely friendship with an older surfer.",https://m.media-amazon.com/images/M/MV5BNWY3YmZkZjctYjFlMS00Y2FhLTliYTMtMWQzNmJhNjBmNDQ1XkEyXkFqcGdeQXVyMzYxOTQ3MDg@.jpg,Sport
94824,Caddyshack II,"['Comedy', 'Sport']","When a crass new-money tycoon's membership application is turned down at a snooty country club, he retaliates by buying the club and turning it into a tacky amusement park.",https://m.media-amazon.com/images/M/MV5BODUxODhmZmQtNzMxOC00OWJkLThjNDYtN2E5MDRjMmIyZDFiXkEyXkFqcGdeQXVyNTUyMzE4Mzg@.jpg,Sport
132245,Driven,"['Action', 'Drama', 'Sport']",A young hot shot driver is in the middle of a championship season and is coming apart at the seams. A former CART champion is called in to give him guidance.,https://m.media-amazon.com/images/M/MV5BMjA5MDk4NzI0NF5BMl5BanBnXkFtZTYwNjU0Nzc5.jpg,Sport
811138,The Love Guru,"['Comedy', 'Romance', 'Sport']","Pitka, an American raised outside of his country by gurus, returns to the States in order to break into the self-help business. His first challenge is to settle the romantic troubles and subsequent professional skid of a star hockey player whose wife left him for a rival athlete.",https://m.media-amazon.com/images/M/MV5BMTg3OTY1MTQ3MF5BMl5BanBnXkFtZTcwMDIzMTM3MQ@@.jpg,Sport
246894,Rollerball,"['Action', 'Sci-Fi', 'Sport']",The big thing in 2005 is a violent sport which can have some pretty serious consequences... like dying.,https://m.media-amazon.com/images/M/MV5BMjA3OTk4NDE1OV5BMl5BanBnXkFtZTcwODAyOTY2NA@@.jpg,Sport
425413,Run Fatboy Run,"['Comedy', 'Romance', 'Sport']","Five years after jilting his pregnant fiancée on their wedding day, out-of-shape Dennis decides to run a marathon to win her back.",https://m.media-amazon.com/images/M/MV5BMTgzOTg0NTk5NF5BMl5BanBnXkFtZTcwMjMxNDI2MQ@@.jpg,Sport
2150139,A Second Chance,"['Adventure', 'Drama', 'Family', 'Mystery', 'Sport']",A young girl and her coach overcome adversity to make their way into the National Australian Gymnastics Squad.,https://m.media-amazon.com/images/M/MV5BMTU1MjYwMTIyMV5BMl5BanBnXkFtZTgwODg0NjA2MDE@.jpg,Sport
60472,Grand Prix,"['Drama', 'Sport']","American Grand Prix driver Pete Aron is fired by his Jordan-BRM racing team after a crash at Monaco that injures his British teammate, Scott Stoddard.",https://m.media-amazon.com/images/M/MV5BMTUyMzE2NjgyMV5BMl5BanBnXkFtZTgwNjUwOTYxMTE@.jpg,Sport
3083008,The Program,"['Biography', 'Drama', 'Sport']","An Irish sports journalist becomes convinced that Lance Armstrong's performances during the Tour de France victories are fueled by banned substances. With this conviction, he starts hunting for evidence that will expose Armstrong.",https://m.media-amazon.com/images/M/MV5BNDMzMzY3NTIyM15BMl5BanBnXkFtZTgwMjAwNTY1NjE@.jpg,Sport
418647,Dreamer: Inspired by a True Story,"['Drama', 'Family', 'Sport']","Cale Crane catalyzes the rescue and rehabilitation of Sonador, a race horse with a broken leg.",https://m.media-amazon.com/images/M/MV5BY2NjNjJkOTQtOTU1Ny00ZWYxLWFjOWYtYjZkOTg4MWU1MGYwXkEyXkFqcGdeQXVyNjc3MjQzNTI@.jpg,Sport
469903,The Express,"['Biography', 'Drama', 'Sport']","A drama based on the life of college football hero Ernie Davis, the first African-American to win the Heisman Trophy.",https://m.media-amazon.com/images/M/MV5BMTM3MTY5OTA5MF5BMl5BanBnXkFtZTcwMjA5ODk3MQ@@.jpg,Sport
87425,Hot Dog ...The Movie,"['Comedy', 'Romance', 'Sport']",Harkin Banks heads to skiing championships in California. A teen runaway tags along as he parties and competes with friends and foes.,https://m.media-amazon.com/images/M/MV5BMDk2Yjg0NjUtMGU5NS00MjVmLWFlZDQtN2JiYmQ4Yzg3OWQyXkEyXkFqcGdeQXVyNDk3NzU2MTQ@.jpg,Sport
73092,Hard Times,"['Crime', 'Drama', 'Sport']",The adventures of a drifter turned illegal prize-fighter during the Depression Era in New Orleans.,https://m.media-amazon.com/images/M/MV5BNDQ5MTk5OTQtMWRmYy00ZGVjLThlYjItYmMwOTU3ZjI4MjEzXkEyXkFqcGdeQXVyMTMxMTY0OTQ@.jpg,Sport
10944486,Chick Fight,"['Action', 'Comedy', 'Drama', 'Sport']","When Anna Wyncomb is introduced to an underground, all-female fight club in order to turn the mess of her life around, she discovers she is much more personally connected to the history of the club than she could ever imagine.",https://m.media-amazon.com/images/M/MV5BYmIwNWE4ZDItYWRmNC00OTNmLTg5ZGItMDc2NTEwZDdmMGE5XkEyXkFqcGdeQXVyMTAyMjQ3NzQ1.jpg,Sport
118760,The Boxer,"['Drama', 'Romance', 'Sport']","Young Danny Flynn is released from prison 14 years after ""taking the rap"" for the IRA and tries to rebuild his life in his old Belfast neighborhood.",https://m.media-amazon.com/images/M/MV5BZjgxZmFkMTktMWYzYi00ZjdhLWJiODEtNTcyODIwNjQxZGQzXkEyXkFqcGdeQXVyNzQ5MzY0NjM@.jpg,Sport
91817,Rad,"['Drama', 'Sport']","The story of one young man, Cru Jones, who has the intensity and desire to win a BMX race called Helltrack.",https://m.media-amazon.com/images/M/MV5BNmRmM2ZkNTAtNTZkNS00NTIzLWFkZGEtNzU0ZWEzMTRlMThlXkEyXkFqcGdeQXVyMTQxNzMzNDI@.jpg,Sport
92214,Wildcats,"['Comedy', 'Sport']",A rookie high school football coach has a harder time than she expected trying to whip her tough inner city team into shape.,https://m.media-amazon.com/images/M/MV5BY2E1MjQxZWYtNDY3Yy00NzJmLTkwMTktNzIyNTE3YmJjYTFjXkEyXkFqcGdeQXVyMjY3MjUzNDk@.jpg,Sport
281373,Snow Dogs,"['Adventure', 'Comedy', 'Family', 'Sport']","When a Miami dentist inherits a team of sled dogs, he's got to learn the trade or lose his pack to a crusty mountain man.",https://m.media-amazon.com/images/M/MV5BZDhkYmUwZDAtNzBhZi00ODM4LWI3NWMtODcwM2U5OGZhNWM0XkEyXkFqcGdeQXVyNDgyODgxNjE@.jpg,Sport
1661382,Grudge Match,"['Comedy', 'Drama', 'Sport']","A pair of aging boxing rivals are coaxed out of retirement to fight one final bout, thirty years after their last match.",https://m.media-amazon.com/images/M/MV5BNjhhZDYxMmUtZWRiZC00MThiLWI4ZjgtM2M1YjhhNWRlZTQyXkEyXkFqcGdeQXVyMjMwNDgzNjc@.jpg,Sport
5727282,Borg McEnroe,"['Biography', 'Drama', 'Sport']",The story of the 1980 tennis rivalry between the placid Björn Borg and the volatile John McEnroe.,https://m.media-amazon.com/images/M/MV5BODQyNzM0ZDEtYzRjMi00NTEwLWJlMGQtNDEzNjQ2NGQxOTZhXkEyXkFqcGdeQXVyMTY0MTE4NTQ@.jpg,Sport
110363,Little Big League,"['Comedy', 'Family', 'Sport']",A young boy is bequeathed the ownership of a professional baseball team.,https://m.media-amazon.com/images/M/MV5BNTEwZjYyMTEtNzk2NS00MDdhLWE0MzYtMzMyMzBlZGQ2ZTBjXkEyXkFqcGdeQXVyMjA0MDQ0Mjc@.jpg,Sport
2980706,Planes: Fire & Rescue,"['Animation', 'Adventure', 'Comedy', 'Family', 'Sport']","When Dusty learns that his engine is damaged and he may never race again, he joins a forest fire and rescue unit to be trained as a firefighter, or else his air strip will be shut down.",https://m.media-amazon.com/images/M/MV5BMTcwMjY4NDM4OF5BMl5BanBnXkFtZTgwMDIxNDU2MTE@.jpg,Sport
78872,The Black Stallion,"['Adventure', 'Family', 'Sport']","After being shipwrecked with a magnificent horse off the coast of Africa in the 1940s, a boy bonds with the stallion, and trains him to race after their rescue.",https://m.media-amazon.com/images/M/MV5BMzgzOTgwOTEzM15BMl5BanBnXkFtZTcwMzI2MTcyNA@@.jpg,Sport
1629757,Chasing Mavericks,"['Biography', 'Drama', 'Sport']","When young Jay Moriarity discovers that the mythic Mavericks surf break, one of the biggest waves on Earth, exists just miles from his Santa Cruz home, he enlists the help of local legend Frosty Hesson to train him to survive it.",https://m.media-amazon.com/images/M/MV5BMzc5MTU5MTk2OF5BMl5BanBnXkFtZTcwMzg3NjcxOA@@.jpg,Sport
108258,Surf Ninjas,"['Action', 'Adventure', 'Comedy', 'Family', 'Sport']",Two boys learn from a mysterious warrior that they are the heirs to the throne of Patusan and set out to overthrow the current monarchy.,https://m.media-amazon.com/images/M/MV5BOTA2NjUyOTYtODEyMy00OTE1LWFhOWYtZDhhNWU1MWYwMjA3XkEyXkFqcGdeQXVyNzc5MjA3OA@@.jpg,Sport
5427194,The Miracle Season,"['Drama', 'Sport']","After the tragic death of star volleyball player Caroline ""Line"" Found, a team of dispirited high school girls must band together under the guidance of their tough-love coach in hopes of winning the state championship.",https://m.media-amazon.com/images/M/MV5BMDU1MjdhN2UtNGRjMC00N2M4LTg1ZTUtZDIzZjIyMzA3YWRmXkEyXkFqcGdeQXVyMjM4NTM5NDY@.jpg,Sport
4832640,Sultan,"['Action', 'Drama', 'Sport']","Sultan is a classic underdog tale about a wrestler's journey, looking for a comeback by defeating all odds.",https://m.media-amazon.com/images/M/MV5BNDc0OTU3M2MtMGFhMi00ZGVlLWI4YmItODA1ZTc0OGY0NmJlXkEyXkFqcGdeQXVyNjQ2MjQ5NzM@.jpg,Sport
385705,The Football Factory,"['Crime', 'Drama', 'Sport']","An insight on the gritty life of a bored male, Chelsea football hooligan who lives for violence, sex, drugs & alcohol.",https://m.media-amazon.com/images/M/MV5BNDUzYjVlNDktN2RmNS00NmE5LTkxMmUtNTc3NjIzNDdmZjY5XkEyXkFqcGdeQXVyNTMwNDQzODA@.jpg,Sport
3226786,Bigger,"['Biography', 'Drama', 'Sport']","The inspirational tale of the grandfathers of fitness as we now know it, Joe and Ben Weider. Facing anti-Semitism and extreme poverty, the brothers beat all odds to build an empire and inspire future generations.",https://m.media-amazon.com/images/M/MV5BMTc4Nzk0MzkwNl5BMl5BanBnXkFtZTgwMjgyMjQyNjM@.jpg,Sport
102940,Ski School,"['Comedy', 'Sport']","Rival groups in a skiing school do battle on and off the piste. One gang are rich and serious, the other group are party animals.",https://m.media-amazon.com/images/M/MV5BM2VkNWE1NzctZDEyNC00MzM2LWJkZDAtMDBiYjk2MWMwYzQ0XkEyXkFqcGdeQXVyMTQxNzMzNDI@.jpg,Sport
10649016,Safety,"['Biography', 'Drama', 'Sport']","The story of Ray-Ray McElrathbey, a freshman football player for Clemson University, who secretly raised his younger brother on campus after his home life became too unsteady.",https://m.media-amazon.com/images/M/MV5BYTQ1ODNlY2YtZTU5OS00NjcxLTkwOTgtN2QzNWViOWIzMDMzXkEyXkFqcGdeQXVyMTkxNjUyNQ@@.jpg,Sport
99136,The Big Man,"['Crime', 'Drama', 'Sport']",Unemployed Scottish miner Danny Scoular (Liam Neeson) is forced into bare-knuckle boxing to make ends meet.,https://m.media-amazon.com/images/M/MV5BMTM3ODc1MTE2M15BMl5BanBnXkFtZTcwMDExOTI0MQ@@.jpg,Sport
10400028,Jag är Zlatan,"['Biography', 'Drama', 'Sport']","Son of Balkan immigrants Zlatan Ibrahimovic, born in Sweden, becomes, after a rough childhood, a Swedish football champion of several decades.",https://m.media-amazon.com/images/M/MV5BMTU1OTY4MjYtOGQ3NS00MjFiLWIxN2QtZjNkZjNkYzMzODk0XkEyXkFqcGdeQXVyMjc1MDU0Nzk@.jpg,Sport
5016946,Handsome Devil,"['Comedy', 'Drama', 'Sport']",Ned and Conor are forced to share a bedroom at their boarding school. The loner and the star athlete at this rugby-mad school form an unlikely friendship until it's tested by the authorities.,https://m.media-amazon.com/images/M/MV5BYmIxMTdmOWYtMjRkZS00ZjM5LWJjZTYtMTM3Y2NmNzQ3NDJiXkEyXkFqcGdeQXVyNjg0ODE1ODE@.jpg,Sport
3748440,Blue Mountain State: The Rise of Thadland,"['Comedy', 'Sport']","When the Dean of Blue Mountain State threatens to sell the Goat House, Alex throws Thad the party of his dreams in an effort to get him to buy it.",https://m.media-amazon.com/images/M/MV5BMTYyODE5MTUwNV5BMl5BanBnXkFtZTgwMjk2MjM4NzE@.jpg,Sport
291341,Mean Machine,"['Comedy', 'Crime', 'Drama', 'Sport']",A football star jailed for assault leads a group of inmates in a match against prison guards.,https://m.media-amazon.com/images/M/MV5BN2ZjMzEwYjEtN2QzNi00MmY1LTk1OTQtZWZjZDg1NGVmMWRmL2ltYWdlXkEyXkFqcGdeQXVyNTAyODkwOQ@@.jpg,Sport
3499096,Race,"['Biography', 'Drama', 'Sport']","Jesse Owens' quest to become the greatest track and field athlete in history thrusts him onto the world stage of the 1936 Olympics, where he faces off against Adolf Hitler's vision of Aryan supremacy.",https://m.media-amazon.com/images/M/MV5BMTQ3MDM1MDU2NF5BMl5BanBnXkFtZTgwMzM3OTIzNzE@.jpg,Sport
75718,The Bad News Bears in Breaking Training,"['Comedy', 'Family', 'Sport']","A troubled, rebellious teen drives his rambunctious baseball team out to Houston where they play an exhibition game and the boy meets his estranged father, and hires him as the teams coach.",https://m.media-amazon.com/images/M/MV5BNjI0ZTRmNTEtYjVhMC00MTM0LWFjNDQtYjBhNTNlNWRlMDgxXkEyXkFqcGdeQXVyMTQxNzMzNDI@.jpg,Sport
217756,Ready to Rumble,"['Comedy', 'Sport']",Two slacker wrestling fans are devastated by the ousting of their favorite character by an unscrupulous promoter.,https://m.media-amazon.com/images/M/MV5BMTYwMjYyOTA4OV5BMl5BanBnXkFtZTYwMDAyNjE3.jpg,Sport
109021,8 Seconds,"['Biography', 'Drama', 'Sport', 'Western']","This movie chronicles the life of Lane Frost, 1987 PRCA Bull Riding World Champion, his marriage and his friendships with Tuff Hedeman (three-time World Champion) and Cody Lambert.",https://m.media-amazon.com/images/M/MV5BYjY4Nzk5NzItYjAyNy00NzgwLTgwMTQtMTM4MDkyOTk0ODFjXkEyXkFqcGdeQXVyMTMxMTY0OTQ@.jpg,Sport
78950,The Champ,"['Drama', 'Sport']","Billy Flynn is an ex-champion boxer who was KO'd by booze and gambling. When the wealthy, estranged mother of his young son begins trying to lure the boy away from him, Flynn must return to the ring to provide for his child.",https://m.media-amazon.com/images/M/MV5BYTU0ZGExODMtNjQ4YS00MTlkLTlmYWYtOTBmMWI3MjM1MjdjXkEyXkFqcGdeQXVyMjUzOTY1NTc@.jpg,Sport
72236,The Swinging Cheerleaders,"['Comedy', 'Sport']","A college journalist infiltrates the campus' cheerleading squad to write an piece on female exploitation, but instead makes unlikely friendships and uncovers a conspiracy involving the football team's coach.",https://m.media-amazon.com/images/M/MV5BMmYxMTA3ODQtZjg2ZC00N2IxLTlmY2YtMzk3Mjg3NGVmOTNkXkEyXkFqcGdeQXVyMTQxNzMzNDI@.jpg,Sport
4791322,Sangre en la boca,"['Drama', 'Sport']","Ramón Alvia is a professional boxer who, although he has won several international championships, is old and is at the end of his career. He resists. In the gym, Ramon discovers among the young boxers Deborah, a beautiful girl.",https://m.media-amazon.com/images/M/MV5BMGE4NjAzYTgtYTRhZi00YzM1LTk5MTItM2U2OGZiMjU0ZTc0XkEyXkFqcGdeQXVyNjc3MzI5NzA@.jpg,Sport
2417712,Goon: Last of the Enforcers,"['Comedy', 'Sport']",A hockey player plagued by injuries is confronted with the possibility of retirement when a tough new player challenges his status as the league's top enforcer.,https://m.media-amazon.com/images/M/MV5BNTYxNzk5NzM3OV5BMl5BanBnXkFtZTgwMjEzOTc4MjI@.jpg,Sport
376105,Racing Stripes,"['Adventure', 'Comedy', 'Drama', 'Family', 'Sport']","An abandoned zebra grows up believing he is a racehorse, and, with the help of his barnyard friends and a teenage girl, sets out to achieve his dream of racing with thoroughbreds.",https://m.media-amazon.com/images/M/MV5BMjE0NDA2MTQwM15BMl5BanBnXkFtZTcwMzYxNDcyMQ@@.jpg,Sport
360201,Wimbledon,"['Comedy', 'Romance', 'Sport']","A pro tennis player has lost his ambition and has fallen in rank to 119. Fortunately for him, he meets a young player on the women's circuit who helps him recapture his focus for Wimbledon.",https://m.media-amazon.com/images/M/MV5BYzI5NjRiMTMtOGIzYS00N2FlLWI4MWMtM2VkNWMyYTgzNTdhXkEyXkFqcGdeQXVyMjA5MTIzMjQ@.jpg,Sport
1606390,All Things Fall Apart,"['Drama', 'Sport']",A drama centered around a promising football running back during his senior year in college.,https://m.media-amazon.com/images/M/MV5BMTMzNDI0NzQwN15BMl5BanBnXkFtZTcwNTYzMDkyNw@@.jpg,Sport
839980,Semi-Pro,"['Comedy', 'Sport']","Jackie Moon, the owner-coach-player of the American Basketball Association's Flint Michigan Tropics, rallies his teammates to make their NBA dreams come true.",https://m.media-amazon.com/images/M/MV5BMTc1MjQ4NTc3M15BMl5BanBnXkFtZTcwMTc3NTg1MQ@@.jpg,Sport
85154,All the Right Moves,"['Drama', 'Romance', 'Sport']",An ambitious young football star is trapped in a dying mill town--unless his gridiron skills can win him a way out.,https://m.media-amazon.com/images/M/MV5BNDQzMDljMzktMTU5NC00ZGRlLTgxMGMtNzYyYTgyM2MxZTdkXkEyXkFqcGdeQXVyMTMxMTY0OTQ@.jpg,Sport
408524,Bad News Bears,"['Comedy', 'Sport']",A grizzled little league coach tries to turn his team of misfits into champs.,https://m.media-amazon.com/images/M/MV5BMzMzZDU1MTEtMDMzYy00MDhkLTg5MGMtYjFkNzYyMTc3YmU0XkEyXkFqcGdeQXVyMTQxNzMzNDI@.jpg,Sport
1057500,Invictus,"['Action', 'Biography', 'Drama', 'History', 'Sport']","Nelson Mandela, in his first term as President of South Africa, initiates a unique venture to unite the Apartheid-torn land: enlist the national rugby team on a mission to win the 1995 Rugby World Cup.",https://m.media-amazon.com/images/M/MV5BMjAyMzExMDM1N15BMl5BanBnXkFtZTcwNTcyMTQ5Mg@@.jpg,Sport
4435072,Liger,"['Action', 'Drama', 'Romance', 'Sport']","A story about martial arts, dreams and star crossed lovers. Liger is an MMA fighter who trains hard and rises up the ranks with one goal in mind, to fight like his idol, world renowned MMA fighter Mark Anderson and get noticed by him.",https://m.media-amazon.com/images/M/MV5BOGFjYjFhMGUtZDE3Mi00OGE0LWI4YjUtZmRhZGEyYzliMWJmXkEyXkFqcGdeQXVyMTUzOTcyODA5.jpg,Sport
11242162,Rise,"['Biography', 'Drama', 'Sport']",Based on the real life story about the family that produced the first trio of brothers to become NBA champions in the history of the league.,https://m.media-amazon.com/images/M/MV5BNzdkNDBmMWYtM2JjMC00Yjk4LWFmNzMtNTJkODg2YTM3MmQ5XkEyXkFqcGdeQXVyMTEzMTI1Mjk3.jpg,Sport
11131464,The Novice,"['Drama', 'Sport', 'Thriller']","A college freshman joins her university's rowing team and undertakes an obsessive physical and psychological journey to make it to the top varsity boat, no matter the cost.",https://m.media-amazon.com/images/M/MV5BNWNhMTg0MzAtNmNkNC00NjU2LTgwYTAtMTllNTQ1MDU5NjNjXkEyXkFqcGdeQXVyMTE1MzI2NzIz.jpg,Sport
116000,D3: The Mighty Ducks,"['Action', 'Comedy', 'Drama', 'Family', 'Sport']","The unruly team of hockey misfits grows up a bit and receives scholarships to a prestigious prep school, where they take on the snotty varsity team.",https://m.media-amazon.com/images/M/MV5BNWMyZmNkNTMtYTZlMi00MmQ5LWE4NWQtMzVjZWZhNmU1Yjc1L2ltYWdlL2ltYWdlXkEyXkFqcGdeQXVyMTQxNzMzNDI@.jpg,Sport
479143,Rocky Balboa,"['Action', 'Drama', 'Sport']","Thirty years after the ring of the first bell, Rocky Balboa comes out of retirement and dons his gloves for his final fight against the reigning heavyweight champ Mason 'The Line' Dixon.",https://m.media-amazon.com/images/M/MV5BNWIyNmQyNjctYmVmMS00MGI4LWIxMmUtNjA0ODYzOTA0Yjk0L2ltYWdlXkEyXkFqcGdeQXVyNTAyODkwOQ@@.jpg,Sport
3322364,Concussion,"['Biography', 'Drama', 'Sport']","In Pittsburgh, accomplished pathologist Dr. Bennet Omalu uncovers the truth about brain damage in football players who suffer repeated concussions in the course of normal play.",https://m.media-amazon.com/images/M/MV5BMTYwNjgwNDg0NV5BMl5BanBnXkFtZTgwMzY1MjAyNzE@.jpg,Sport
72856,Death Race 2000,"['Action', 'Comedy', 'Sci-Fi', 'Sport']","In a dystopian future, a cross country automobile race requires contestants to run down innocent pedestrians to gain points that are tallied based on each kill's brutality.",https://m.media-amazon.com/images/M/MV5BMTRhMjM1YWItMzI4Zi00MDVkLTk0YjgtNWRjZThjM2I3MDE0XkEyXkFqcGdeQXVyNTI4MjkwNjA@.jpg,Sport
7947604,In from the Side,"['Drama', 'Sport']","Following a drunken encounter, two equally attached men from a cash strapped and divided gay rugby club unwittingly sleepwalk into an adulterous affair but must conceal their growing feelings or risk destroying the club they love.",https://m.media-amazon.com/images/M/MV5BYzc5ZmFjMWUtN2UwZi00NzBlLTk0NjctNjJmNjBkODJjZjAyXkEyXkFqcGdeQXVyMTU4NjcxOTU@.jpg,Sport
104040,The Cutting Edge,"['Comedy', 'Drama', 'Romance', 'Sport']",A temperamental figure skater and a former hockey player try to win Olympic gold as a figure skating pairs team.,https://m.media-amazon.com/images/M/MV5BMGUzNTExM2YtMzU3MC00MjY0LTkzODEtNzM4OWYwYzY3ZDg2XkEyXkFqcGdeQXVyNzc5MjA3OA@@.jpg,Sport
110006,Heavyweights,"['Comedy', 'Drama', 'Family', 'Sport']","Plump kids are lured into joining a posh fat camp with the promise of quick weight loss and good times, only to find that it is a woodland hellhole run by a psycho ex-fitness instructor.",https://m.media-amazon.com/images/M/MV5BYjg4NWFhNjQtMWYzZi00Y2RiLWJlZmUtOWZkZTM5MmNkNTQyXkEyXkFqcGdeQXVyNjc3MjQzNTI@.jpg,Sport
300532,Blue Crush,"['Drama', 'Romance', 'Sport']","As a hard-core surfer girl prepares for a big competition, she finds herself falling for a football player.",https://m.media-amazon.com/images/M/MV5BYzYwZDQwNmEtMDIyNy00NjkzLWJjYTctNTYwNjI2MTBhMzEzXkEyXkFqcGdeQXVyMTQxNzMzNDI@.jpg,Sport
84602,Rocky III,"['Drama', 'Sport']","Rocky faces the ultimate challenge from a powerful new contender, and must turn to a former rival to help regain his throne as the undisputed fighting champion.",https://m.media-amazon.com/images/M/MV5BMTMyOTYzMDMzMF5BMl5BanBnXkFtZTcwMTkzODM1NA@@.jpg,Sport
105812,White Men Can't Jump,"['Comedy', 'Sport']",Black and white basketball hustlers join forces to double their chances of winning money on the street courts and in a basketball tournament.,https://m.media-amazon.com/images/M/MV5BMTc5ZjE2MmEtYWIxYi00OGY0LTk0ZTUtMzJiYjI4OWZmNTVmXkEyXkFqcGdeQXVyNzc5MjA3OA@@.jpg,Sport
445934,Blades of Glory,"['Comedy', 'Sport']","In 2002, two rival Olympic ice skaters were stripped of their gold medals and permanently banned from men's single competition. Presently, however, they've found a loophole that will allow them to qualify as a pairs team.",https://m.media-amazon.com/images/M/MV5BMTY3MDMyMTYxMl5BMl5BanBnXkFtZTcwMjk0NzI0MQ@@.jpg,Sport
103596,3 Ninjas,"['Action', 'Comedy', 'Family', 'Sport']","Each year, three brothers visit their grandfather for the summer. He is highly skilled in ninjutsu, and for years he has trained the boys in his techniques.",https://m.media-amazon.com/images/M/MV5BZTU1OGI2OTktZmQ0Yy00ZmQ0LWI3ZTgtNWNlMzFjYWY1YzAwXkEyXkFqcGdeQXVyNzc5MjA3OA@@.jpg,Sport
3859304,The Bronze,"['Comedy', 'Drama', 'Sport']",A foul-mouthed former gymnastics bronze medalist with local celebrity status reluctantly trains a rising Olympics aspirant.,https://m.media-amazon.com/images/M/MV5BMTUxMzI2Mzc5Ml5BMl5BanBnXkFtZTgwODQzOTU2NzE@.jpg,Sport
1596346,Soul Surfer,"['Biography', 'Drama', 'Family', 'Sport']",Teenage surfer Bethany Hamilton overcomes the odds and her own fears of returning to the water after losing her left arm in a shark attack.,https://m.media-amazon.com/images/M/MV5BMTU2MDg0OTYyM15BMl5BanBnXkFtZTcwMjg5MjY0NA@@.jpg,Sport
94812,Bull Durham,"['Comedy', 'Romance', 'Sport']",A fan who has an affair with one minor-league baseball player each season meets an up-and-coming pitcher and the experienced catcher assigned to him.,https://m.media-amazon.com/images/M/MV5BMzMxMDEzMWUtZDk3NS00MWRiLWJjOGMtN2Q0ZjVhZjU3ODhkXkEyXkFqcGdeQXVyMTQxNzMzNDI@.jpg,Sport
199725,Love & Basketball,"['Drama', 'Romance', 'Sport']",Monica and Quincy love and play basketball together through many life challenges from childhood to adulthood.,https://m.media-amazon.com/images/M/MV5BMTU4NjY4NTI5MF5BMl5BanBnXkFtZTYwNjQ4OTc3.jpg,Sport
109035,Above the Rim,"['Crime', 'Drama', 'Sport', 'Thriller']","Story of a promising high school basketball star and his relationships with two brothers, one a drug dealer and the other a former basketball star fallen on hard times and now employed as a security guard.",https://m.media-amazon.com/images/M/MV5BNDE5M2I4OWEtZDUyMS00ODYwLTkxNWYtZmNlNjEzOWRlYjc0XkEyXkFqcGdeQXVyMTQxNzMzNDI@.jpg,Sport
1648179,Here Comes the Boom,"['Action', 'Comedy', 'Sport']",A high-school biology teacher looks to become a successful mixed martial arts fighter in an effort to raise money to prevent extracurricular activities from being axed at his cash-strapped school.,https://m.media-amazon.com/images/M/MV5BMTUxMzEzNDQ0Nl5BMl5BanBnXkFtZTcwMDI2NTY1OA@@.jpg,Sport
423294,Surf's Up,"['Animation', 'Adventure', 'Comedy', 'Family', 'Sport']","A behind-the-scenes look at the annual Penguin World Surfing Championship, and its newest participant, up-and-comer Cody Maverick.",https://m.media-amazon.com/images/M/MV5BMjE4NDE3NzcwM15BMl5BanBnXkFtZTcwMTI0ODYzMw@@.jpg,Sport
100029,Lionheart,"['Action', 'Crime', 'Drama', 'Sport']",An Ex-French Soldier begins participating in underground street fights in order to make money for his brother's family.,https://m.media-amazon.com/images/M/MV5BNDA4ZDVlOWMtNzAzMi00YmYwLTljYjctYzQ1MzcyOWZmYzdmXkEyXkFqcGdeQXVyMjUzOTY1NTc@.jpg,Sport
248667,Ali,"['Biography', 'Drama', 'Sport']","A biography of sports legend Muhammad Ali, focusing on his triumphs and controversies between 1964 and 1974.",https://m.media-amazon.com/images/M/MV5BZjA3OTUxNTktN2FlNC00NGUyLWI1NDktY2FlZTc5MDlmOGFhXkEyXkFqcGdeQXVyMTQxNzMzNDI@.jpg,Sport
93692,Over the Top,"['Action', 'Drama', 'Sport']",Tough trucker Lincoln Hawk is determined to win back his son and triumph at the world arm wrestling championships.,https://m.media-amazon.com/images/M/MV5BZjFiZjYyOGUtNWQ4My00ZTcyLWJkYTMtOGMzZjZjOTE0MDE0XkEyXkFqcGdeQXVyMTUzMDUzNTI3.jpg,Sport
87781,The Natural,"['Drama', 'Sport']",A middle-aged unknown comes seemingly out of nowhere to become a legendary baseball player with almost supernatural talent.,https://m.media-amazon.com/images/M/MV5BZGU5NDU4ZTctYjE2YS00NTUxLWIzMTAtMTMxNTgxODAzNDI5XkEyXkFqcGdeQXVyMTAwMzUyOTc@.jpg,Sport
1860353,Turbo,"['Animation', 'Adventure', 'Comedy', 'Family', 'Sport']",A freak accident might just help an everyday garden snail achieve his biggest dream: winning the Indy 500.,https://m.media-amazon.com/images/M/MV5BMTA4NTgwMjM5MzheQTJeQWpwZ15BbWU3MDg2ODA1ODk@.jpg,Sport
73631,Rollerball,"['Action', 'Sci-Fi', 'Sport']","In a corporate-controlled future, an ultra-violent sport known as Rollerball represents the world, and one of its powerful athletes is out to defy those who want him out of the game.",https://m.media-amazon.com/images/M/MV5BZjcwNjgxZjItNjQ0Ni00OGJhLWIwYTItYmI5MGQ3MzE0ZjNiXkEyXkFqcGdeQXVyNTAyODkwOQ@@.jpg,Sport
317648,Hidalgo,"['Action', 'Adventure', 'Biography', 'Drama', 'Sport', 'Western']","In 1890, a down-and-out cowboy and his horse travel to Arabia to compete in a deadly cross desert horse race.",https://m.media-amazon.com/images/M/MV5BMTgyNjg5MjcxMl5BMl5BanBnXkFtZTcwNDQxMzQyMQ@@.jpg,Sport
89461,The Last Dragon,"['Action', 'Comedy', 'Drama', 'Music', 'Sport']","In New York City, a young man searches for a Master to obtain the final level of martial arts mastery known as the Glow.",https://m.media-amazon.com/images/M/MV5BMjlkNDA2NTQtYzNlOS00YmY1LTk5YzEtMWVhYTY0ZDI0ZDIxXkEyXkFqcGdeQXVyNjEwMTA0NTc@.jpg,Sport
349825,Miracle,"['Biography', 'Drama', 'History', 'Sport']","The true story of Herb Brooks, the player-turned-coach who led the 1980 U.S. Olympic hockey team to victory over the seemingly invincible Soviet squad.",https://m.media-amazon.com/images/M/MV5BMjEyOTk1OTcyNV5BMl5BanBnXkFtZTYwNjMzNDU3.jpg,Sport
102517,Necessary Roughness,"['Comedy', 'Sport']","Due to NCAA sanctions, the Texas State University Fightin' Armadillos must form a football team from their actual student body, with no scholarships to help, to play their football schedule.",https://m.media-amazon.com/images/M/MV5BMWYyZmM0MzUtZjg2OC00ODkyLTlmZGQtOWQ2ZDA5NGI0MTI0XkEyXkFqcGdeQXVyMTQxNzMzNDI@.jpg,Sport
4622512,Battle of the Sexes,"['Biography', 'Comedy', 'Drama', 'History', 'Sport']",The true story of the 1973 tennis match between World number one Billie Jean King and ex-champ and serial hustler Bobby Riggs.,https://m.media-amazon.com/images/M/MV5BZTljYmU2NTMtODhhNC00NjlhLWJhZTUtNDllODYyYWM4ZjA5XkEyXkFqcGdeQXVyNjM0ODk5NDY@.jpg,Sport
384642,Kicking & Screaming,"['Comedy', 'Family', 'Romance', 'Sport']","Family man Phil Weston, a lifelong victim of his father's competitive nature, takes on the coaching duties of a kids' soccer team, and soon finds that he's also taking on his father's dysfunctional way of relating.",https://m.media-amazon.com/images/M/MV5BMTA5Njk1MjEzMzZeQTJeQWpwZ15BbWU3MDY3NjY4MjE@.jpg,Sport
91217,Hoosiers,"['Drama', 'Sport']",A coach with a checkered past and a local drunk train a small town high school basketball team to become a top contender for the championship.,https://m.media-amazon.com/images/M/MV5BMTYyNTc0OTUwNV5BMl5BanBnXkFtZTcwODA3NzE0NA@@.jpg,Sport
316465,Radio,"['Biography', 'Drama', 'Sport']",The story of a high school coach and the developmentally challenged man who he took under his wing.,https://m.media-amazon.com/images/M/MV5BMGEwZTk3ZWEtYWY4MS00MGEzLWI4ZWQtZjhhZjFiM2ZiNzc0XkEyXkFqcGdeQXVyMTQxNzMzNDI@.jpg,Sport
437863,The Benchwarmers,"['Comedy', 'Sport']",A trio of guys try and make up for missed opportunities in childhood by forming a three-player baseball team to compete against standard children's Little League squads.,https://m.media-amazon.com/images/M/MV5BZGY1N2JjYjUtNjI3Yy00NDk4LWE3NDMtZjUyNzRjYThmNjZjXkEyXkFqcGdeQXVyMTA3MzQ4MTc0.jpg,Sport
78902,Breaking Away,"['Comedy', 'Drama', 'Sport']",A working-class Indiana teen obsessed with the Italian cycling team vies for the affections of a college girl while searching for life goals with his friends.,https://m.media-amazon.com/images/M/MV5BYmIyMmJkMTMtZjk3Mi00Nzk5LTllMzgtZTM3M2Y5NDEwYmVlXkEyXkFqcGdeQXVyMjUzOTY1NTc@.jpg,Sport
77663,Heaven Can Wait,"['Comedy', 'Fantasy', 'Romance', 'Sport']","A Los Angeles Rams quarterback, accidentally taken away from his body by an overanxious angel before he was meant to die, returns to life in the body of a recently murdered millionaire.",https://m.media-amazon.com/images/M/MV5BN2NlOGI1YTMtZjk3My00YWY4LWE2ZGUtNzA2Y2E1ZjU0ZTZmXkEyXkFqcGdeQXVyMjI4MjA5MzA@.jpg,Sport
180734,Hard Ball,"['Comedy', 'Drama', 'Sport']",A gambling addict and ticket scalper living an aimless life reluctantly agrees to coach a Little League team from the Chicago projects as part of a loan agreement.,https://m.media-amazon.com/images/M/MV5BMjY3Nzk0NzkxMF5BMl5BanBnXkFtZTgwMTYxNzYxMTE@.jpg,Sport
8745676,The Swimmers,"['Biography', 'Drama', 'Sport']",A story of the miraculous journey made by swimming sisters Yusra and Sarah Mardini who fled as refugees from war-torn Syria all the way to the 2016 Rio Olympics.,https://m.media-amazon.com/images/M/MV5BOGZmMWM1NTItYzBhYi00YjEzLWI3OTQtNWM4ZDhjMDkxYWEwXkEyXkFqcGdeQXVyMTEzMTI1Mjk3.jpg,Sport
445990,Invincible,"['Biography', 'Drama', 'Sport']","Based on the story of Vince Papale, a 30-year-old bartender from South Philadelphia who overcame long odds to play for the NFL's Philadelphia Eagles in 1976.",https://m.media-amazon.com/images/M/MV5BMjA1NjI2ODA5MF5BMl5BanBnXkFtZTcwNjMyMTMzMQ@@.jpg,Sport
2223990,Draft Day,"['Drama', 'Sport']","At the NFL Draft, General Manager Sonny Weaver has the opportunity to rebuild his team when he trades for the number one pick. He must decide what he's willing to sacrifice on a life-changing day for a few hundred young men with NFL dreams.",https://m.media-amazon.com/images/M/MV5BMjAyOTMxMjA3Nl5BMl5BanBnXkFtZTgwMTMwNjQ4MDE@.jpg,Sport
308506,Like Mike,"['Comedy', 'Family', 'Fantasy', 'Sport']","A 13-year-old orphan becomes an NBA superstar after trying on a pair of sneakers with the faded initials ""MJ"" inside them.",https://m.media-amazon.com/images/M/MV5BNDU4ZDdjN2EtZWE1MS00OGQ2LWEzNGEtMDhlOGE5YTg3NDlmXkEyXkFqcGdeQXVyMTQ4NDY5OTc@.jpg,Sport
2513074,Billy Lynn's Long Halftime Walk,"['Action', 'Drama', 'Sport', 'Thriller', 'War']","19-year-old Billy Lynn is brought home for a victory tour after a harrowing Iraq battle. Through flashbacks, the film shows what really happened to his squad - contrasting the realities of war with America's perceptions.",https://m.media-amazon.com/images/M/MV5BMTY1NDI1Nzg4OF5BMl5BanBnXkFtZTgwNjYxOTg4ODE@.jpg,Sport
1950186,Ford v Ferrari,"['Action', 'Biography', 'Drama', 'Sport']",American car designer Carroll Shelby and driver Ken Miles battle corporate interference and the laws of physics to build a revolutionary race car for Ford in order to defeat Ferrari at the 24 Hours of Le Mans in 1966.,https://m.media-amazon.com/images/M/MV5BM2UwMDVmMDItM2I2Yi00NGZmLTk4ZTUtY2JjNTQ3OGQ5ZjM2XkEyXkFqcGdeQXVyMTA1OTYzOTUx.jpg,Sport
8009428,Hustle,"['Comedy', 'Drama', 'Sport']",A basketball scout discovers a phenomenal street ball player while in Spain and sees the prospect as his opportunity to get back into the NBA.,https://m.media-amazon.com/images/M/MV5BYjdhYTE3NjMtZjI3OC00NzVlLWFiNTUtNzQ3NDNiNTI3NDg4XkEyXkFqcGdeQXVyMTEyMjM2NDc2.jpg,Sport
974661,17 Again,"['Comedy', 'Drama', 'Fantasy', 'Romance', 'Sport']",Mike O'Donnell is ungrateful for how his life turned out. He gets a chance to rewrite his life when he tried to save a janitor near a bridge and jumped after him into a time vortex.,https://m.media-amazon.com/images/M/MV5BMjA2NTI1Mzg3N15BMl5BanBnXkFtZTcwMjYwNjAzMg@@.jpg,Sport
87538,The Karate Kid,"['Action', 'Drama', 'Family', 'Sport']",A martial arts master agrees to teach karate to a bullied teenager.,https://m.media-amazon.com/images/M/MV5BNTkzY2YzNmYtY2ViMS00MThiLWFlYTEtOWQ1OTBiOGEwMTdhXkEyXkFqcGdeQXVyMTQxNzMzNDI@.jpg,Sport
1979320,Rush,"['Action', 'Biography', 'Drama', 'Sport']",The merciless 1970s rivalry between Formula One rivals James Hunt and Niki Lauda.,https://m.media-amazon.com/images/M/MV5BOWEwODJmZDItYTNmZC00OGM4LThlNDktOTQzZjIzMGQxODA4XkEyXkFqcGdeQXVyNjU0OTQ0OTY@.jpg,Sport
317219,Cars,"['Animation', 'Adventure', 'Comedy', 'Family', 'Sport']","On the way to the biggest race of his life, a hotshot rookie race car gets stranded in a rundown town, and learns that winning isn't everything in life.",https://m.media-amazon.com/images/M/MV5BMTg5NzY0MzA2MV5BMl5BanBnXkFtZTYwNDc3NTc2.jpg,Sport
9620288,King Richard,"['Biography', 'Drama', 'Sport']",A look at how tennis superstars Venus and Serena Williams became who they are after the coaching from their father Richard Williams.,https://m.media-amazon.com/images/M/MV5BYTcyNmY4ZGEtYmE4Zi00ZDViLTlmYzMtMmQ4ZTM4OWNmZjQxXkEyXkFqcGdeQXVyMTkxNjUyNQ@@.jpg,Sport
97815,Major League,"['Comedy', 'Sport']","The new owner of the Cleveland Indians puts together a purposely horrible team so they'll lose and she can move the team. But when the plot is uncovered, they start winning just to spite her.",https://m.media-amazon.com/images/M/MV5BNzM5MWViNTMtMDQ5Ni00M2M0LTg1OTktY2I3YTJkODVkNTBkXkEyXkFqcGdeQXVyNTI4MjkwNjA@.jpg,Sport
116483,Happy Gilmore,"['Comedy', 'Sport']",A rejected hockey player puts his skills to the golf course to save his grandmother's house.,https://m.media-amazon.com/images/M/MV5BZWI2NjliOTYtZjE1OS00YzAyLWJjYTQtYWNmZTQzMTQzNzVjXkEyXkFqcGdeQXVyMTQxNzMzNDI@.jpg,Sport
964517,The Fighter,"['Action', 'Biography', 'Drama', 'Sport']","Based on the story of Micky Ward, a fledgling boxer who tries to escape the shadow of his more famous but troubled older boxing brother and get his own shot at greatness.",https://m.media-amazon.com/images/M/MV5BMTM0ODk3MjM1MV5BMl5BanBnXkFtZTcwNzc1MDIwNA@@.jpg,Sport
1291584,Warrior,"['Action', 'Drama', 'Sport']","The youngest son of an alcoholic former boxer returns home, where he's trained by his father for competition in a mixed martial arts tournament - a path that puts the fighter on a collision course with his estranged, older brother.",https://m.media-amazon.com/images/M/MV5BMTk4ODk5MTMyNV5BMl5BanBnXkFtZTcwMDMyNTg0Ng@@.jpg,Sport
108037,The Sandlot,"['Comedy', 'Drama', 'Family', 'Sport']","In the summer of 1962, a new kid in town is taken under the wing of a young baseball prodigy and his rowdy team, resulting in many adventures.",https://m.media-amazon.com/images/M/MV5BODllYjM1ODItYjBmOC00MzkwLWJmM2YtMjMyZDU3MGJhNjc4L2ltYWdlL2ltYWdlXkEyXkFqcGdeQXVyMTQxNzMzNDI@.jpg,Sport
364725,Dodgeball: A True Underdog Story,"['Comedy', 'Sport']",A group of misfits enter a Las Vegas dodgeball tournament in order to save their cherished local gym from the onslaught of a corporate health fitness chain.,https://m.media-amazon.com/images/M/MV5BMTIwMzE2MjM4MV5BMl5BanBnXkFtZTYwNjA1OTY3.jpg,Sport
878804,The Blind Side,"['Biography', 'Drama', 'Sport']","The story of Michael Oher, a homeless and traumatized boy who became an All-American football player and first-round NFL draft pick with the help of a caring woman and her family.",https://m.media-amazon.com/images/M/MV5BMjEzOTE3ODM3OF5BMl5BanBnXkFtZTcwMzYyODI4Mg@@.jpg,Sport
104694,A League of Their Own,"['Comedy', 'Drama', 'Sport']",Two sisters join the first female professional baseball league and struggle to help it succeed amid their own growing rivalry.,https://m.media-amazon.com/images/M/MV5BNjQ1NTQyYjktZDc5My00NDA1LWI1NmItY2ViNjQ0NDk4NmRjXkEyXkFqcGdeQXVyNTAyODkwOQ@@.jpg,Sport
14995258,Sous emprise,"['Drama', 'Romance', 'Sport', 'Thriller']",Roxana Aubrey decides to drop her studies and escape her life in Paris for a free diving course in the south of France. She is quickly pulled into a life that reaches new depths brought by the weight of an ocean's descent.,https://m.media-amazon.com/images/M/MV5BNTFlNTkxYjQtNjJlOS00ZTAzLTljY2EtMTU1ZTljMWYzZWJhXkEyXkFqcGdeQXVyMTUwOTU0Mw@@.jpg,Sport
97647,The Karate Kid Part III,"['Action', 'Drama', 'Family', 'Sport']","Ostracised villain John Kreese attempts to gain revenge on Daniel and Miyagi, with the help of a Vietnam War comrade, the wealthy owner of a toxic waste disposal business.",https://m.media-amazon.com/images/M/MV5BODk0NzA4MTMtNGQ3Zi00OTdlLThiZmQtOTI0YWEyNDFiMTg2XkEyXkFqcGdeQXVyNTUyMzE4Mzg@.jpg,Sport
1023111,Never Back Down,"['Action', 'Drama', 'Sport']","A frustrated and conflicted teenager arrives at a new high school to discover an underground fight club, and meets a classmate who begins to coerce him into fighting.",https://m.media-amazon.com/images/M/MV5BMTkzNDg3MTIyMF5BMl5BanBnXkFtZTcwOTAwNDc1MQ@@.jpg,Sport
120484,The Waterboy,"['Comedy', 'Sport']",A waterboy for a college football team discovers he has a unique tackling ability and becomes a member of the team.,https://m.media-amazon.com/images/M/MV5BNzJmZDZlMGItZGJhOC00Y2NjLTljNzctMDg5YmQ1NzU3NzYzL2ltYWdlXkEyXkFqcGdeQXVyMTQxNzMzNDI@.jpg,Sport
104868,The Mighty Ducks,"['Comedy', 'Drama', 'Family', 'Sport']",A self-centered Minnesota lawyer is sentenced to community service coaching a rag tag youth hockey team.,https://m.media-amazon.com/images/M/MV5BZTc4YzQ4NTMtZjc2Yy00OWY1LWIxNGMtZTJkMmFiN2M4ZGViL2ltYWdlL2ltYWdlXkEyXkFqcGdeQXVyMTQxNzMzNDI@.jpg,Sport
210945,Remember the Titans,"['Biography', 'Drama', 'Sport']",The true story of a newly appointed African-American coach and his high school team on their first season as a racially integrated unit.,https://m.media-amazon.com/images/M/MV5BYThkMzgxNjEtMzFiOC00MTI0LWI5MDItNDVmYjA4NzY5MDQ2L2ltYWdlL2ltYWdlXkEyXkFqcGdeQXVyMTQxNzMzNDI@.jpg,Sport
75148,Rocky,"['Drama', 'Sport']",A small-time Philadelphia boxer gets a supremely rare chance to fight the world heavyweight champion in a bout in which he strives to go the distance for his self-respect.,https://m.media-amazon.com/images/M/MV5BNTBkMjg2MjYtYTZjOS00ODQ0LTg0MDEtM2FiNmJmOGU1NGEwXkEyXkFqcGdeQXVyMjUzOTY1NTc@.jpg,Sport
146838,Any Given Sunday,"['Drama', 'Sport']",A behind-the-scenes look at the life-and-death struggles of modern-day gladiators and those who lead them.,https://m.media-amazon.com/images/M/MV5BZDk2YTQxZjUtYzJkYi00MTk4LTk4NDAtZmQ3ZGQwMDQxY2ZjXkEyXkFqcGdeQXVyMTQxNzMzNDI@.jpg,Sport
204946,Bring It On,"['Comedy', 'Romance', 'Sport']",A champion high school cheerleading squad discovers its previous captain stole all their best routines from an inner-city school and must scramble to compete at this year's championships.,https://m.media-amazon.com/images/M/MV5BNjhiMjk1YWYtMjgyYy00YTFhLTk0NTMtN2Q5MDZjMWEyYWI1XkEyXkFqcGdeQXVyMTQxNzMzNDI@.jpg,Sport
1210166,Moneyball,"['Biography', 'Drama', 'Sport']",Oakland A's general manager Billy Beane's successful attempt to assemble a baseball team on a lean budget by employing computer-generated analysis to acquire new players.,https://m.media-amazon.com/images/M/MV5BMjAxOTU3Mzc1M15BMl5BanBnXkFtZTcwMzk1ODUzNg@@.jpg,Sport
5580036,"I, Tonya","['Biography', 'Comedy', 'Drama', 'Sport']","Competitive ice skater Tonya Harding rises amongst the ranks at the U.S. Figure Skating Championships, but her future in the activity is thrown into doubt when her ex-husband intervenes.",https://m.media-amazon.com/images/M/MV5BMjI5MDY1NjYzMl5BMl5BanBnXkFtZTgwNjIzNDAxNDM@.jpg,Sport
116695,Jerry Maguire,"['Comedy', 'Drama', 'Romance', 'Sport']","When a sports agent has a moral epiphany and is fired for expressing it, he decides to put his new philosophy to the test as an independent agent with the only athlete who stays with him and his former colleague.",https://m.media-amazon.com/images/M/MV5BYTM0ZWNmZTUtOTVkZS00MTZiLTg3M2QtZjA0Y2RmOWM1NWEyXkEyXkFqcGdeQXVyNjU0OTQ0OTY@.jpg,Sport
398165,The Longest Yard,"['Comedy', 'Crime', 'Sport']",Prison inmates form a football team to challenge the prison guards.,https://m.media-amazon.com/images/M/MV5BMTc1NTQyNDk2NV5BMl5BanBnXkFtZTcwOTE2OTQzMw@@.jpg,Sport
4209788,Molly's Game,"['Biography', 'Crime', 'Drama', 'Sport']","The true story of Molly Bloom, an Olympic-class skier who ran the world's most exclusive high-stakes poker game and became an FBI target.",https://m.media-amazon.com/images/M/MV5BNTkzMzRlYjEtMTQ5Yi00OWY3LWI0NzYtNGQ4ZDkzZTU0M2IwXkEyXkFqcGdeQXVyMTMxODk2OTU@.jpg,Sport
1809398,Unbroken,"['Action', 'Biography', 'Drama', 'Sport', 'War']","After a near-fatal plane crash in WWII, Olympian Louis Zamperini spends a harrowing 47 days in a raft with two fellow crewmen before he's caught by the Japanese navy and sent to a prisoner-of-war camp.",https://m.media-amazon.com/images/M/MV5BMTY3ODg2OTgyOF5BMl5BanBnXkFtZTgwODk1OTAwMzE@.jpg,Sport
8337158,Rumble,"['Animation', 'Comedy', 'Family', 'Fantasy', 'Sport']","In a world where monster wrestling is a global sport and monsters are superstar athletes, teenage Winnie seeks to follow in her father's footsteps by coaching a loveable underdog monster into a champion.",https://m.media-amazon.com/images/M/MV5BOTdhNDM5YmEtOWFhZS00NjQwLTg3ZTQtMGI2OTNhZjQ2OGQxXkEyXkFqcGdeQXVyMTM1MTE1NDMx.jpg,Sport
11145118,Creed III,"['Drama', 'Sport']","After dominating the boxing world, Adonis has been thriving in his career and family life. When a childhood friend and former boxing prodigy resurfaces, the face off between former friends is more than just a fight.",https://m.media-amazon.com/images/M/MV5BZDNlZmRkM2UtZTBiYy00YTlhLThkZmEtM2YwY2FkMTUwZjViXkEyXkFqcGdeQXVyMTMzNDE5NDM2.jpg,Sport
405159,Million Dollar Baby,"['Drama', 'Sport']",A determined woman works with a hardened boxing trainer to become a professional.,https://m.media-amazon.com/images/M/MV5BMTkxNzA1NDQxOV5BMl5BanBnXkFtZTcwNTkyMTIzMw@@.jpg,Sport
8652728,Waves,"['Drama', 'Romance', 'Sport']","Traces the journey of a suburban family - led by a well-intentioned but domineering father - as they navigate love, forgiveness, and coming together in the aftermath of a loss.",https://m.media-amazon.com/images/M/MV5BMWE2OTdiY2MtM2ViNy00NmExLWIxZjYtYTVkNGJkNzgwYjVmXkEyXkFqcGdeQXVyNjgzMjQ0MTA@.jpg,Sport
6513120,Fighting with My Family,"['Biography', 'Comedy', 'Drama', 'Sport']",A former wrestler and his family make a living performing at small venues around the country while his kids dream of joining World Wrestling Entertainment.,https://m.media-amazon.com/images/M/MV5BNWM0NGUxMzUtMjRlZS00OWZlLTlkZDMtMzJhOWVmZDY2ODczXkEyXkFqcGdeQXVyOTQxNzM2MjY@.jpg,Sport
191397,The Replacements,"['Comedy', 'Sport']","During a pro football strike, the owners hire substitute players.",https://m.media-amazon.com/images/M/MV5BZGEwOWQzNmItM2FlNC00YTk3LTljNjYtNGQ1OTE2M2M4YzI0L2ltYWdlL2ltYWdlXkEyXkFqcGdeQXVyMTQxNzMzNDI@.jpg,Sport
415306,Talladega Nights: The Ballad of Ricky Bobby,"['Comedy', 'Sport']","Number one NASCAR driver Ricky Bobby stays atop the heap thanks to a pact with his best friend and teammate, Cal Naughton, Jr. But when a French Formula One driver, makes his way up the ladder, Ricky Bobby's talent and devotion are put to the test.",https://m.media-amazon.com/images/M/MV5BNzAzOTk1OTIyM15BMl5BanBnXkFtZTcwNDIzNTQzMQ@@.jpg,Sport
385002,Hooligans,"['Crime', 'Drama', 'Sport', 'War']","A wrongfully expelled Harvard undergrad moves to London, where he is introduced to the violent underworld of football hooliganism.",https://m.media-amazon.com/images/M/MV5BMjExNTg3NzYwMV5BMl5BanBnXkFtZTcwMzcxMTEzMQ@@.jpg,Sport
2058673,Point Break,"['Action', 'Adventure', 'Crime', 'Sport', 'Thriller']","A young FBI agent infiltrates an extraordinary team of extreme sports athletes he suspects of masterminding a string of unprecedented, sophisticated corporate heists.",https://m.media-amazon.com/images/M/MV5BMjIxNDkzOTAyNV5BMl5BanBnXkFtZTgwNjEyOTY3NjE@.jpg,Sport
37120,National Velvet,"['Drama', 'Family', 'Sport']",A jaded former jockey helps a young girl prepare a wild but gifted horse for England's Grand National Sweepstakes.,https://m.media-amazon.com/images/M/MV5BMDAzMGEwYWEtOGUyNi00Y2NjLWE1YjktZTMyM2ExYjUzYjk1XkEyXkFqcGdeQXVyNjc1NTYyMjg@.jpg,Sport
107985,Rookie of the Year,"['Comedy', 'Family', 'Fantasy', 'Sport']","When an accident miraculously gives a boy an incredibly powerful pitching arm, he becomes a major league pitcher for the Chicago Cubs.",https://m.media-amazon.com/images/M/MV5BZGJhODAwNDQtNGY0My00ZDA4LTgwOTMtMTA5NzdhZTQ0YmIwXkEyXkFqcGdeQXVyNTI4MjkwNjA@.jpg,Sport
91326,The Karate Kid Part II,"['Action', 'Family', 'Sport']","Daniel accompanies his mentor, Mr. Miyagi, to Miyagi's childhood home in Okinawa. Miyagi visits his dying father and confronts his old rival, while Daniel falls in love and inadvertently makes a new rival of his own.",https://m.media-amazon.com/images/M/MV5BY2E3YjliMWEtYzlmOC00NmU5LWE4NGItNmIyZmNkZjkwNTA0XkEyXkFqcGdeQXVyMTQxNzMzNDI@.jpg,Sport
5074352,Dangal,"['Action', 'Biography', 'Drama', 'Sport']",Former wrestler Mahavir Singh Phogat and his two wrestler daughters struggle towards glory at the Commonwealth Games in the face of societal oppression.,https://m.media-amazon.com/images/M/MV5BMTQ4MzQzMzM2Nl5BMl5BanBnXkFtZTgwMTQ1NzU3MDI@.jpg,Sport
81398,Raging Bull,"['Biography', 'Drama', 'Sport']","The life of boxer Jake LaMotta, whose violence and temper that led him to the top in the ring destroyed his life outside of it.",https://m.media-amazon.com/images/M/MV5BYjRmODkzNDItMTNhNi00YjJlLTg0ZjAtODlhZTM0YzgzYThlXkEyXkFqcGdeQXVyNzQ1ODk3MTQ@.jpg,Sport
82158,Chariots of Fire,"['Biography', 'Drama', 'Sport']","Two British track athletes, one a determined Jew and the other a devout Christian, are driven to win in the 1924 Olympics as they wrestle with issues of pride and conscience.",https://m.media-amazon.com/images/M/MV5BZjNlNDFmM2ItMDE0Zi00MWNiLTljOWQtZGQ1YTQ2ZWUzZDU2XkEyXkFqcGdeQXVyNjc1NTYyMjg@.jpg,Sport
454945,She's the Man,"['Comedy', 'Romance', 'Sport']","When her brother decides to ditch for a couple weeks, Viola heads over to his elite boarding school, disguised as him, and proceeds to fall for his school's star soccer player, and soon learns she's not the only one with romantic troubles.",https://m.media-amazon.com/images/M/MV5BZGRmNzYxM2QtNGVlZi00ZWZhLWFlMzEtNzE5NGM4YjlkYjY0XkEyXkFqcGdeQXVyMTY5Nzc4MDY@.jpg,Sport
1155076,The Karate Kid,"['Action', 'Drama', 'Family', 'Sport']","Work causes a single mother to move to China with her young son; in his new home, the boy embraces kung fu, taught to him by a master.",https://m.media-amazon.com/images/M/MV5BYjQ1NzRhYjYtMWY3My00ODA0LTk5ZDctYjQ4YjE0M2RhMGNiXkEyXkFqcGdeQXVyNTUyMzE4Mzg@.jpg,Sport
80487,Caddyshack,"['Comedy', 'Sport']",An exclusive golf course has to deal with a brash new member and a destructive dancing gopher.,https://m.media-amazon.com/images/M/MV5BY2I1NWE2NzctNzNkYS00Nzg5LWEwZTQtN2I3Nzk3MTQwMDY2XkEyXkFqcGdeQXVyMTQxNzMzNDI@.jpg,Sport
14592064,Home Team,"['Comedy', 'Sport']","The story about New Orleans Saints head coach Sean Payton coaching his son's 6th grade football team, when Payton was suspended for the entire 2012 season as a result of his role in the Saints' Bountygate scandal.",https://m.media-amazon.com/images/M/MV5BYTAxMzMyZDMtMWYyYi00MTI1LThkZmUtMDYyMjc5MzU1NzljXkEyXkFqcGdeQXVyODE5NzE3OTE@.jpg,Sport
74174,The Bad News Bears,"['Comedy', 'Drama', 'Family', 'Sport']","An aging, down-on-his-luck ex-minor leaguer coaches a team of misfits in an ultra-competitive California little league.",https://m.media-amazon.com/images/M/MV5BNTU1ZjNmNjktNjk4Yy00MzdjLTk0YzktMDRlYTllMjE0N2I0XkEyXkFqcGdeQXVyMTQxNzMzNDI@.jpg,Sport
4080956,A Prayer Before Dawn,"['Action', 'Biography', 'Crime', 'Drama', 'Sport']",The true story of an English boxer incarcerated in one of Thailand's most notorious prisons as he fights in Muay Thai tournaments to earn his freedom.,https://m.media-amazon.com/images/M/MV5BMzU5NzhlOGYtODE0YS00ZmUxLWI2YzctNTM0ZWNjMmJjMjBkXkEyXkFqcGdeQXVyNTAzMTY4MDA@.jpg,Sport
118570,Air Bud,"['Comedy', 'Drama', 'Family', 'Sport']",An unexpected player joins the school basketball team - a circus dog who escaped from a cruel master.,https://m.media-amazon.com/images/M/MV5BMzQxODE4MzEyNF5BMl5BanBnXkFtZTgwNjk2OTY4ODE@.jpg,Sport
253798,Out Cold,"['Comedy', 'Sport']",A snowboarder's plans for his own snowboard park go awry when an ex-girlfriend returns to town.,https://m.media-amazon.com/images/M/MV5BOTU0MzZkYjQtMzdjYy00YWIwLTg4ZjEtOWIyOTNlNDYzMDBlXkEyXkFqcGdeQXVyODkxMTU1Njc@.jpg,Sport
338077,Grind,"['Adventure', 'Comedy', 'Sport']","Four skaters follow their idol on his summer tour in an attempt to get noticed, get sponsored, and become stars themselves.",https://m.media-amazon.com/images/M/MV5BNTQ0MDY1NDU4Nl5BMl5BanBnXkFtZTYwMjE2NzQ3.jpg,Sport
16360006,Baburu,"['Animation', 'Action', 'Adventure', 'Drama', 'Fantasy', 'Romance', 'Sport', 'Thriller']","After bubbles that broke the laws of gravity rained down upon the world. Cut off from the outside world, Tokyo has become a playground for a group of young people who have lost their families.",https://m.media-amazon.com/images/M/MV5BY2YwNTFkM2UtZmExZi00Mjg1LTljMjEtYThjZDY0YmI5YzZjXkEyXkFqcGdeQXVyMTEzMTI1Mjk3.jpg,Sport
11369540,Mistrz,"['Biography', 'Drama', 'History', 'Sport']","The story of the pre-war boxing champion Tadeusz ""Teddy"" Pietrzykowski, who in 1940 arrives with the first transport of prisoners to the newly created Auschwitz concentration camp.",https://m.media-amazon.com/images/M/MV5BNWFhMTY0MGItOTU3MC00NzYyLTg0NDMtMGEyNjYzYjg1ZjlmXkEyXkFqcGdeQXVyMTEwMTY3NDI@.jpg,Sport
400497,Herbie Fully Loaded,"['Adventure', 'Comedy', 'Family', 'Fantasy', 'Romance', 'Sport']","Maggie Peyton, the new owner of Herbie, Number 53, the free-wheelin' Volkswagen bug with a mind of its own, puts the car through its paces on the road to becoming a NASCAR competitor.",https://m.media-amazon.com/images/M/MV5BMTkwNDI5NDcyMV5BMl5BanBnXkFtZTcwMjg5OTcyMQ@@.jpg,Sport
5314118,Journeyman,"['Drama', 'Sport']","Boxer Matty Burton suffers a serious head injury during a fight. This is the story about the impact on his marriage, his life, and his family.",https://m.media-amazon.com/images/M/MV5BZDQ1OTMxYjMtMmJjZS00YjRmLWIyZDUtMzcxZTdiYWU4MjU5XkEyXkFqcGdeQXVyMTMxODk2OTU@.jpg,Sport
107889,The Program,"['Action', 'Drama', 'Romance', 'Sport']","Several players from different backgrounds try to cope with the pressures of playing football at a major university. Each deals with the pressure differently, some turn to drinking, others to drugs, and some to studying.",https://m.media-amazon.com/images/M/MV5BNmNlNjgxNGQtNzM0My00MzEwLTk4NTktMzI1OTYwM2JjYzE1XkEyXkFqcGdeQXVyMTQxNzMzNDI@.jpg,Sport
388980,The Greatest Game Ever Played,"['Biography', 'Drama', 'Sport']","In the 1913 U.S. Open, twenty-year-old Francis Ouimet played golf against his idol, 1900 U.S. Open champion, Englishman Harry Vardon.",https://m.media-amazon.com/images/M/MV5BMTQ4NDk3MDk0NV5BMl5BanBnXkFtZTcwMzk4OTgyMQ@@.jpg,Sport
169102,Lagaan: Once Upon a Time in India,"['Drama', 'Musical', 'Sport']",The people of a small village in Victorian India stake their future on a game of cricket against their ruthless British rulers.,https://m.media-amazon.com/images/M/MV5BNmYxZGJlNmQtMWY3OS00Njc0LThjODgtOWEwMWU4NTUxMDExXkEyXkFqcGdeQXVyNDAzNDk0MTQ@.jpg,Sport
380389,Goal!,"['Drama', 'Romance', 'Sport']",The extremely talented Santiago Muñez is spotted by a Newcastle United scout and given a chance at professional football.,https://m.media-amazon.com/images/M/MV5BMjAxNDk2Njk1OV5BMl5BanBnXkFtZTcwOTE5MzIzMQ@@.jpg,Sport
7334528,Uncle Drew,"['Comedy', 'Sport']",An anti-ageist comedy about a man's dream to win the Rucker Classic street ball tournament in Harlem.,https://m.media-amazon.com/images/M/MV5BMTU2MzE0NzQ1Ml5BMl5BanBnXkFtZTgwNzIyNzczNTM@.jpg,Sport
332047,Fever Pitch,"['Comedy', 'Drama', 'Romance', 'Sport']",Lindsay is stuck in the middle of her relationship with Ben and his passion for the Boston Red Sox.,https://m.media-amazon.com/images/M/MV5BMTMyNTE4ODA2N15BMl5BanBnXkFtZTcwNzg5ODUyMw@@.jpg,Sport
13487922,1UP,"['Comedy', 'Sport']",Follows a gamer who quits her college esports team due to sexism from her male counterparts.,https://m.media-amazon.com/images/M/MV5BZjZmZWExZjUtZWEzMy00ZTkyLWIzNjAtNTc0ZTJiMmRlOTE5XkEyXkFqcGdeQXVyMTEwMTQ0Njk3.jpg,Sport
104926,Mr. Baseball,"['Comedy', 'Romance', 'Sport']","Jack Elliot, once a great baseball player, is forced to play in Japan where his brash, egotistical ways cause friction with his new teammates and friends.",https://m.media-amazon.com/images/M/MV5BZTY0NDc2NzUtMmRkZi00NzIyLTg5YTctNmIyZjc0NzBkZmYzXkEyXkFqcGdeQXVyMTQxNzMzNDI@.jpg,Sport
10314548,Heart of Champions,"['Drama', 'Sport']","During their last year at an Ivy League college in 1999, a group of friends and crew teammates' lives are changed forever when an army vet takes over as coach of their dysfunctional rowing team.",https://m.media-amazon.com/images/M/MV5BMDhiZDNkYTgtZDEwNC00NGJjLWI5OWMtZDdlZDQ4NzY5NzlhXkEyXkFqcGdeQXVyNzg5MzIyOA@@.jpg,Sport
13793230,Jaadugar,"['Comedy', 'Drama', 'Fantasy', 'Romance', 'Sport']","Magic Meenu, a small-time magician in Neemuch, M.P., has to win a local football tournament in order to marry the girl he loves.",https://m.media-amazon.com/images/M/MV5BYzY0MGMyMjYtODA2Ny00MDEwLTlkZTEtY2VmYzcwNDRiNzczXkEyXkFqcGdeQXVyODE5NzE3OTE@.jpg,Sport
942384,Shelter,"['Drama', 'Romance', 'Sport']","When his college dreams are sidelined by family obligations, a young man finds comfort in surfing with his best friend's brother.",https://m.media-amazon.com/images/M/MV5BMTQwMjcxMjc5MF5BMl5BanBnXkFtZTcwODAzNzc5MQ@@.jpg,Sport
96913,Best of the Best,"['Action', 'Drama', 'Sport']",A team from the United States is going to compete against Korea in a Tae Kwon Do tournament. The team consists of fighters from all over the country - can they overcome their rivalry and work together to win?,https://m.media-amazon.com/images/M/MV5BNDQyYzc0ODktMmNkNi00YjFlLThhOTUtMjMxMmQzNThkYTRjXkEyXkFqcGdeQXVyMjA0MDQ0Mjc@.jpg,Sport
385726,Glory Road,"['Biography', 'Drama', 'Sport']","In 1966, Texas Western coach Don Haskins led the first all-black starting line-up for a college basketball team to the NCAA national championship.",https://m.media-amazon.com/images/M/MV5BMjA2MDY4OTE1N15BMl5BanBnXkFtZTcwOTI5OTMzMQ@@.jpg,Sport
112499,The Big Green,"['Comedy', 'Family', 'Sport']","A teacher on exchange from England is placed in an underachieving Texas school, where she coaches the students in soccer, improving their self-esteem and leading to unexpected success.",https://m.media-amazon.com/images/M/MV5BNmY4NWVkM2UtY2FkZC00NWJiLTg5N2EtYzk4NjJkMGE0YzA3XkEyXkFqcGdeQXVyNTM5NzI0NDY@.jpg,Sport
11165716,North Hollywood,"['Comedy', 'Drama', 'Sport']",A kid must decide between choosing the future his father wants and following his dream of becoming a pro skater.,https://m.media-amazon.com/images/M/MV5BYWVjYTE5NzEtMmU4OS00MzhmLWJkMjktZjFhYTIxM2E3MGQ3XkEyXkFqcGdeQXVyNTM0NTU5Mg@@.jpg,Sport
108065,Searching for Bobby Fischer,"['Biography', 'Drama', 'Sport']",A prepubescent chess prodigy refuses to harden himself in order to become a champion like the famous but unlikable Bobby Fischer.,https://m.media-amazon.com/images/M/MV5BNTNlYjBjMGEtOTFkZS00MjM5LTk2ZTktYWVmZTc4NzE3NzAxL2ltYWdlL2ltYWdlXkEyXkFqcGdeQXVyNDk3NzU2MTQ@.jpg,Sport
13358190,Golden Delicious,"['Drama', 'Romance', 'Sport']","When basketball-obsessed Aleks moves across the street, Asian-Canadian teen Jake finds himself trying out for the basketball team to get his attention in this classic coming-of-age drama in the digital age.",https://m.media-amazon.com/images/M/MV5BMDQyNWRiOGUtNDlkMS00MjEyLWE3MjItZTM3OGFkNWYwZDU0XkEyXkFqcGdeQXVyNDgzMTU2MA@@.jpg,Sport
9883996,Dream Horse,"['Biography', 'Comedy', 'Drama', 'Sport']","Dream Alliance is an unlikely race horse bred by small-town Welsh bartender Jan Vokes. With no experience, Jan convinces her neighbors to chip in their meager earnings to help raise Dream in the hopes he can compete with the racing elites.",https://m.media-amazon.com/images/M/MV5BOTQ5MmRlYWItZmNiYS00ZmE5LTg4NjAtZjZjZjNjYTRhMDY1XkEyXkFqcGdeQXVyMDM2NDM2MQ@@.jpg,Sport
6445414,The Coldest Game,"['History', 'Sport', 'Thriller']","During 1962's Cuban missile crisis, a troubled math genius finds himself drafted to play in a U.S.-Soviet chess match -- and a deadly game of espionage.",https://m.media-amazon.com/images/M/MV5BODBlNDM1OTMtYTg3Yy00NWM4LWE1MTMtYjVhMzU1ZTk2MTE0XkEyXkFqcGdeQXVyMTY5Nzc4MDY@.jpg,Sport
110442,Major League II,"['Comedy', 'Sport']","The Indians are now a World Series contender. But last year's hunger is now replaced with complacency, and bad decisions by the new owner threaten to tear the team apart.",https://m.media-amazon.com/images/M/MV5BZWZjMWZiOTItYWVjOS00YzdiLWI1ODktZGZjOTllMmE4Y2FjL2ltYWdlXkEyXkFqcGdeQXVyMTQxNzMzNDI@.jpg,Sport
3920820,Brian Banks,"['Biography', 'Drama', 'Sport']","A football player's dreams to play in the NFL are halted when he is wrongly convicted and sent to prison. Years later, he fights to clear his name within an unjust system.",https://m.media-amazon.com/images/M/MV5BOGI4NGRlNjEtZDUwOC00ZmRkLWI1ZTgtOGZmMTk3MzQ0ODVhXkEyXkFqcGdeQXVyNDExMzMxNjE@.jpg,Sport
424823,Balls of Fury,"['Comedy', 'Crime', 'Sport']","Down-and-out former professional ping-pong phenom, Randy Daytona, is sucked into a maelstrom when FBI Agent Ernie Rodriguez recruits him for a secret mission. Randy is determined to bounce back and win, and to smoke out his father's killer -- arch-fiend Feng.",https://m.media-amazon.com/images/M/MV5BMjA3MDQ1Mzc4N15BMl5BanBnXkFtZTcwODI0NTc0MQ@@.jpg,Sport
116277,The Fan,"['Action', 'Drama', 'Sport', 'Thriller']",An all star baseball player becomes the unhealthy focus of a down on his luck salesman.,https://m.media-amazon.com/images/M/MV5BNjFlN2VjNjYtZDdjOS00ZGI3LTg1MWQtZTBhNmRjNDFiZDE3XkEyXkFqcGdeQXVyMTQxNzMzNDI@.jpg,Sport
396652,Ice Princess,"['Comedy', 'Drama', 'Family', 'Sport']","With the help of her coach, her mom, and the boy who drives the Zamboni machine, nothing can stop Casey (Trachtenberg) from realizing her dream to be a champion figure skater.",https://m.media-amazon.com/images/M/MV5BMTI1NjIzMzg5OF5BMl5BanBnXkFtZTcwMjI2ODcyMQ@@.jpg,Sport
14547524,National Champions,"['Drama', 'Sport']","Follows star quarterback who ignites a players strike hours before the biggest game of the year in order to fight for fair compensation, equality and respect for the student-athletes.",https://m.media-amazon.com/images/M/MV5BNWY3NTA0ZjktYjMwMy00YjU0LTlhNWQtYmIzMjAzNzY1MmMyXkEyXkFqcGdeQXVyMTM1MTE1NDMx.jpg,Sport
234829,Summer Catch,"['Comedy', 'Drama', 'Romance', 'Sport']",A rich girl whose family summers on Cape Cod has a romance with a local poor boy who hopes to become a major league baseball player.,https://m.media-amazon.com/images/M/MV5BYzE0MDRjOTMtODM1Ni00ODdiLTgxN2QtZGZlMmEwNWFlMWZmXkEyXkFqcGdeQXVyNDAxNjkxNjQ@.jpg,Sport
808510,Tooth Fairy,"['Comedy', 'Family', 'Fantasy', 'Sport']",A bad deed on the part of a tough minor-league hockey player results in an unusual sentence: He must serve one week as a real-life tooth fairy.,https://m.media-amazon.com/images/M/MV5BMTQ4NjQzMjQxNF5BMl5BanBnXkFtZTcwNTEzMDY4Mg@@.jpg,Sport
5301942,Jersey,"['Drama', 'Sport']",A cricketer who quits cricket decides to revive his career at the age of 36 for his sons dream and prove his ability.,https://m.media-amazon.com/images/M/MV5BNDQ4YmExNjctMGY5NC00N2RjLThiYjQtNGUxNTZjY2NhNTQyXkEyXkFqcGdeQXVyMTUxOTQwMzE0.jpg,Sport
379865,Leatherheads,"['Comedy', 'Drama', 'Romance', 'Sport']","In 1925, an enterprising pro football player convinces America's too-good-to-be-true college football hero to play for his team and keep the league from going under.",https://m.media-amazon.com/images/M/MV5BMjU1OTEyMzQxNV5BMl5BanBnXkFtZTcwMDU3NTg1MQ@@.jpg,Sport
1028576,Secretariat,"['Biography', 'Drama', 'Family', 'History', 'Sport']","Penny Chenery Tweedy and colleagues guide her long-shot but precocious stallion to set, in 1973, the unbeaten record for winning the Triple Crown.",https://m.media-amazon.com/images/M/MV5BMTg0NDI2MTI0N15BMl5BanBnXkFtZTcwNjE4NzU1Mw@@.jpg,Sport
105159,The Power of One,"['Drama', 'Sport']","An English boy, living in Africa during World War II, through his boxing prowess, becomes a symbol of hope, in a time of war.",https://m.media-amazon.com/images/M/MV5BMjQ1NTYxOGYtNzc5MC00ZDY2LWE1ODctNmZjMzliYmNlMWMzXkEyXkFqcGdeQXVyNzc5MjA3OA@@.jpg,Sport
281322,Undisputed,"['Action', 'Crime', 'Drama', 'Sport']","When heavyweight champion George ""Iceman"" Chambers lands in prison, the resident gangster arranges a boxing match with the reigning prison champ.",https://m.media-amazon.com/images/M/MV5BMmE1NjQ0MDAtMTFhMC00OTgxLTg0ODktMGI2YmE2ZTU4YjhjXkEyXkFqcGdeQXVyMTQxNzMzNDI@.jpg,Sport
11580854,Sarpatta Parambarai,"['Action', 'Drama', 'Sport']","When Sarpatta Parambarai is challenged to a do-or-die match, will Kabilan, a young labourer, put on the gloves himself and lead his clan to victory, or be dissuaded by his disapproving mother and dangerous politics?",https://m.media-amazon.com/images/M/MV5BNWVjNGExNjItOWRlZi00Nzk1LWJmZDUtOGQ0NzgyYTBlOTZmXkEyXkFqcGdeQXVyMTEzNzg0Mjkx.jpg,Sport
146984,The Legend of Bagger Vance,"['Drama', 'Fantasy', 'Sport']",A down-and-out golfer attempts to recover his game and his life with help from a mystical caddy.,https://m.media-amazon.com/images/M/MV5BMWYzOGE4NGItYTAyNy00NDBkLTljYjMtYzE4MjFmYTY4NGVlXkEyXkFqcGdeQXVyMTQxNzMzNDI@.jpg,Sport
2041488,Thunderstruck,"['Comedy', 'Family', 'Fantasy', 'Sport']","When Brian, a hopelessly uncoordinated young fan magically switches talents with his hero, basketball star Kevin Durant, he becomes the star of his high school team, while Kevin Durant suddenly can't make a shot to save his life.",https://m.media-amazon.com/images/M/MV5BMjI3OTIwMjk0NV5BMl5BanBnXkFtZTcwNzYyOTAxOA@@.jpg,Sport
64603,The Love Bug,"['Comedy', 'Family', 'Sport']","Down-on-his-luck race car driver Jim Douglas teams up with a little VW Bug that has a mind of it's own, not realizing Herbie's worth until a sneaky rival plots to steal him.",https://m.media-amazon.com/images/M/MV5BNDc3NTAwYmEtODg2YS00Y2IyLWFlOGYtMjUyMDQ5NzU2MDYzXkEyXkFqcGdeQXVyMTQxNzMzNDI@.jpg,Sport
134618,"Mystery, Alaska","['Comedy', 'Drama', 'Sport']",The residents of a small town get over-excited when their hockey team gets chosen to host a televised event.,https://m.media-amazon.com/images/M/MV5BZmE3OTRlOGEtNzExMi00YmI0LWIxMzYtNGU2NzU1ZTY0Y2JkXkEyXkFqcGdeQXVyMjUzOTY1NTc@.jpg,Sport
7562334,Lady Driver,['Sport'],"When a rebellious teen embarks on a solo summer journey to connect with her roots, she finds herself in a new world, geared up for the ride of her life, and discovers she had the drive in her all along.",https://m.media-amazon.com/images/M/MV5BNTE0M2ZiNTgtNjQ5MC00MDBjLWExNmUtYzUxYjk2ODM4NmNlXkEyXkFqcGdeQXVyMTkxNjUyNQ@@.jpg,Sport
6699860,Solo,"['Adventure', 'Biography', 'Drama', 'Romance', 'Sport', 'Thriller']","After falling by a cliff on a desert beach, a seriously injured surfer starts a lonely fight to survive against the merciless nature.",https://m.media-amazon.com/images/M/MV5BNDZiYTNlYWYtOTJlNC00OTNiLWFhZjQtYTkyOGNiOTJhODVlXkEyXkFqcGdeQXVyMjEzMDE2MzI@.jpg,Sport
438315,Peaceful Warrior,"['Drama', 'Romance', 'Sport']",A chance encounter with a stranger changes the life of a college gymnast.,https://m.media-amazon.com/images/M/MV5BMTYxMDkyMTIwN15BMl5BanBnXkFtZTcwNjQ3MTkzMQ@@.jpg,Sport
